## This spreadsheet is used for including new TACT encryption keys that haven't yet been added to this client. They may allow you to load newer encrypted models.;
## You can find a full list of TACT keys here: https://wowdev.wiki/TACT#TACT_keys  . Consult the page's history for keys that were added after this version of WMV was released.;
"## TACT Name;Key pairs should be added below. This file should be saved as a CSV spreadsheet with the cell divider as a *semicolon*, not a comma."
## Key Name;## Key Value
00179EB433442A73;D41D694C0DF863105C5349FD4FFBC256
0022F1B19AD8CD40;49110BBC40BED547636C61255B70DB4B
00A534EE55B0C353;4ABCC690A8794DBD95884948FE198580
00ADFC62E8DA1E8A;E8CFC1101662218629EB15BD9F4E3A32
00BD685495678540;0DD4895F7B556551AEE510015ADE51B4
00C16C37F3FC5076;67B622FB4BB1EF911B381BFB3A8811CC
00DA6225BB7AE3D3;74697D9838CF894B2C9237447C7365FD
00F67A4454B1F2B8;8640321173A2F53216F1B5C00993D447
01052A542E59271E;3B7D9BCB6D66D52AF4173DEEB35E43D8
01535AEF795C15C8;72EE60C8077CFFEAD9AA66BADF8079D0
015BA24D26A96772;B98920BF9DAB746F03D52E948E908AF6
015CAF9CA39AA60C;82A1ADB3D2C03B54F348A79D858BD90E
01BCD47E1A622162;1AA8D45B81B3848B73D593C47E4D400E
01E828CFFA450C0F;972B6E74420EC519E6F9D97D594AA37C
01EF179F785513D0;A47AC8F712999856EA31EAE8EA4FE7B4
033DBFE564685CF6;A1E3B24BFE8578C03D0FCC7F19E6D069
0467C913C615ABEC;8E0D42435AB17899530F1A09AF8D6303
04B10AA65C1E96DC;6E82776D64DCE3484DF40ABFF48D7AC2
0596EF158DA47BE7;11C78B409919D36270842F421FA231C1
05A176624A840332;A4AC40A670864E9C68AE37B4F5B54D65
05C30B9AA82459FB;7D58C83D7661B9F19158DA3C5673DB62
05C585AE48EA86C0;D3D588033A694CED3C948E329937CE2C
05D39B848B315BFF;8298E3ACFC5A44F8CB3CB92382E95290
05D6E0270148D17A;B34822D709CD3CEAAF8F4680E44895C0
05EC085870DF2AF0;31E6AB03A09E68C8FB55BF195E1F1B99
05EEF76825AF9806;DA56B5632D5E82254452875A79F035DB
0626C885AF0EEF65;557EC997AD64621CFE2B3D79A5B75065
06275337EA4DAC57;5ED876BEE30F0393087EFE245F60B487
06439FC0A0EC3957;97269277DC4ADE8BC1973109F2374462
069B83C72FD980DF;5461948C9AB1687ADB1BD63B869B729F
06CAC3A7A3F4C985;134C658BE5156C72EF4A5F4FB4B73A40
06D0E0F5C1C70454;982E7EC37C3D5330C4C178E95BAC63EB
06E15E314F7A7DF6;D199B60DCCAC2774D7211786426DED09
070994B8FE881897;A54A65235D6D6487277C3610BA84ABF5
07268F63E8B5786E;C2093BD917E4460705727BCF81813EA9
07394960F0DAA415;8C396B0B2C4B2A4AC0848BCDAA6CD301
074581AC1ACB396D;D6C2536619D3DA442E5B1294C18181A5
0758FA726EBCEAAD;B6632B3557DDC2A9A723174DA972D7C7
0778CEE3FE3A5702;9E2BCC3E4B5CC7E5A2A8124088C50146
0782D1B64292926E;9723BFEA07EA95E8BBAC3C239F7EA91A
07877A139E23F179;E5D7F85885C35D63292EFBC289CA81E5
07F690B442BB16DE;B3125560CE75ED0226D4FE1CB56FCFD6
0803D2A134ECF398;FA5E2E29D0A8137C0D8FB52208C730A3
08097776FF168AF4;A4FC0A52C62FC029A0E34EC30C5F8296
0811E03FCFB84903;6E5677051EE092A57CF656E1C5002FFC
08604DC0EC75AAE8;7C982A6375833DE92D1C13A4CCC10748
08717B15BF3C7955;4B06BF9D17663CEB3312EA3C69FBC5DD
08E60CBF9009B24E;1B27DDBA8FDB428200922D42CCB42F5F
08EF06E4035BCDC3;5434611E28C3309C873BF7C0A6B35824
094E9A0474876B98;E533BB6D65727A5832680D620B0BC10B
09532B23BFA968BA;F9DCD1B0C7E57A29BCEFA7312C54DA1C
0993C8311127F20E;E953C3574C3EE543D9F552EDC82F20E9
099D61A9C475EFAD;4E3CBDC634A8987CE056E16C8005C65D
09E66D1E9BA06149;577FF0A5F0EEA45596AA22CA32E83C66
0A096FB251CFF471;05C75912ECFF040F85FB4697C99C7703
0A0F873CFEE45FE7;7F1237F8A5425DC93399EEF5EBE62FF8
0A309C1F1C0F29E8;70418E2596BE1DE2EAB2C5C135BD4099
0A337262BC12797C;A5BD7CBFF82FBFCA4001229FE0D8ACF3
0A5E25A024FBA6B1;BB8F7B181509A9317BE159263462F28D
0ADC9E327E42E98C;017B3472C1DEE304FA0B2FF8E53FF7D6
0B06E66F20EDC718;7273D8D5D3355182B0333F480A6C51B7
0B5F6957915ADDCA;4DD0DC82B101C80ABAC0A4D57E67F859
0B68A7AF5F85F7EE;27AA011082F5E8BBBD71D1BA04F6ABA4
0B9712E39BD7A366;D890CF593B290F6E8E01EB3A596BF677
0BC4AEE93FF8B8F7;B40632FBAB9DE9C54D2C3191C99CFD9E
0C113C715BDBE041;BD8B322FAD493F6C40EA0F77F494B115
0C15F03D0FE27E48;7433791BF34589EB6432997E10A25422
0C2D617E60368120;94B812271D6DE6C3181440D0AA27653D
0C4000C1D045780B;5740A8950DA5CDCA25B6854CE60A0D99
0C49BD78283973B0;34B5BC69C12AA37AD7129B7E28C1DA58
0C91DD41A7EB9C29;AD916A8C76599C9FAA6C27CBA73DBC70
0C9ABD5081C06411;25A77CD800197EE6A32DD63F04E115FA
0CA696AE84A34281;9E0CBF53205A20643A9230E94ECB0E3E
0CAAE29F9A918CFC;81A2DBEF0165DBFD7E2C2A1135B4A76F
0CBCDDD4DCAA1466;F31163C40CB62DDD9AC0B1FA224A8916
0D069101292C9EF9;116A8D4C1BA665E15552CA69CD7CB367
0D1A57C827933FC4;C176829EBCD93FFED7AA937EE872CEE6
0D267A0DF2936D17;75D41DA484BA895BB656E9AC88C01C5D
0D3EE5E2148ED6BA;A6A563AB29323D2FEE7A5695D9F69007
0DCD81945F4B4686;1B789B87FB3C9238D528997BFAB44186
0DE2CF914415467A;AF90C0006547CA727234C7AFA3ABA8A7
0DF6E5A00001BDDD;E9EAFF3BB35640847098445E899CC4A7
0DFACE33557D5092;6154994194266EEF93D75F2C23EA52B5
0E307BB9F6CF96E2;07F58D8FCD7082AA6E438059F1C03BA8
0E406A1C7A53EDDE;7E9842276411F34E3100F2FFA4603BB1
0E72645FFF3CAF60;E8E3F10CBB9525FA59B8D8519C9C68E0
0EBE36B5010DFD7F;9A89CC7E3ACB29CF14C60BC13B1E4616
0ED13E373403CCA1;611CC849743CB13E7CC18278E3DA6ACC
0F09FCB8E69FE3FB;BFD8C7B97EF15D692A7CA427EB17DDC5
0F57A02782251FAC;2B27D902C87090E1D380A2BAEA14E0A8
0FC6144903CFC12B;3B15F89E912FE43D89643DCBA945E5CD
0FF28663F3633EA0;B4240B7432FE937AE174D0951FF545B2
100C57C7D8B42E58;24F75423097346C7927F145193B6D5FE
10339907303CD675;D8B1E36F5BCE87B9934FCE666C7B9C1A
1038869739BA9289;EC93117782E8DE42FD422F51B26C9010
106286A0271176A6;F7064772553040913F4DBA6A080AA24F
1076074F2B350A2D;88BF0CD0D5BA159AE7CB916AFBE13865
109427C41216B60B;AFA5273707DE6D0F2F100106B01CB127
10BE8385B133FC7C;4A296E137EC041AD0F176BEE59A8A335
10E2A573E3FDA7E3;4F17B60628E9CF0B4288C710FB8D5BA1
1108F594E9F5BCB7;4780C7B37A42FA64D490FBB6DEE930DC
11259133FB15A8EE;5D43B49DFCA6E16ED0088AB1A29367A5
11F3607241D58A72;40F609DC5724F48FAE9E69D96E905E8A
123DFA3DAED0366C;5BD9658819B319C40B7734CC7D3C848C
1254E65319C6EEFF;79D2B3D1CCB015474E7158813864B8E6
12706F36F1CC29EB;9FFBAA1F27827F863A395E9ED1E09507
12A56DBECF288413;42D4084D461A870EB79D4FC1A16B2FB5
12F4096445A87ACC;CF6A46B3706DF9B47C44DB13F234BC49
12F9DC1B1950CD2A;44132662DE5C9CC2D71BE6C21DF830C0
13054A572BE304CF;7E8FCF8C2C1FE0E68D95033AFB0D1F83
13463FA15F6E27C3;1807441DF3DE3B5AAE2C2EAE1EA2EED5
136ED500DA4662E6;C287F04BCFBCDB89363087654BFA0308
13AFC1C5628C5CDD;AA01B73B99EDC523B63CC66938ADBA4C
13DA86340D87FEB9;5524D9491852371F1915CC1FDFD053D1
141A5383D3AEEB59;D5DFE73899D286E3022FACAD3E704BE3
1423888694CDE5FC;E7FA1CD34AEAB1B61B0A6C9EA6A90408
1452C015D54D860F;E440BE40F81F97BC99D84BB124D8D45D
14B00C90B487CEE3;ADC2B8AA8DB4F0CBCE57DCF064F8398E
14C4257E557B49A1;064A9709F42D50CB5F8B94BC1ACFDD5D
14DBD7A77A8E16BA;D041E9B09C1C77964523CCBC368EAF22
153616FF38D5E460;0A9408A49A1CE05B90304D017DE75892
157CE64D0907F8F3;903727EA5DE02160E3DBC270C35506AC
158A432B0946DB30;156451EA5CEE47163E35FDEBCC1CE26F
15D5A13976DCBD05;D17D19EE14F7DD880F0EF6CE644454BE
15FA2DA0B33C39EE;A29410BB931DA3E7848596FBA77F5037
165EDE97557AAE2B;697E47CBBCBFCF8249BFB10779A0FCB1
168572021F4037F9;9B7CD068D5E93EDEE5075B0A62266E2E
16ECE10BE12203AC;E00CD45C8EAF43C87236BB6DECEA51B1
16F2D56326DF5AF1;439B2D6C3BC96A4738C7BADBE6783955
176FBED2587437DA;0480EACEE4FC0E901B899D0BAC376568
17ABC9D27E24B4D7;FA41457062605A173D10FB90E0779A44
17CDAF4E21D676C3;0669DCE4E28572D863BA61CBD532010E
17E59DD59D7866D4;275FC1F6803304D46710B20A1984E96C
17F07C2E3A45DB3D;6D3886BDB91E715AE7182D9F3A08F2C9
180671C0DFB9166A;0F72FB6AE4790ADC52955D534B5E1E66
182DC18F894A8E63;1FE7EE414C11A03BCD9B20437136645C
188E37F5AB501082;E5669636093CE1B899756BE69B8C2C58
18C03D21EEE55760;A74BB52F78928F5EA2041C9F9C85C7D2
18C32E5601F89AC3;C864032D3E9DA929F9FEC6E5B53894A1
18EBE047BB21ED64;AFD7FC710267983D15CD5203E7A65BC6
18F4B1FDD5577277;A31F238303C26EB13FAF05742063B431
191A32DECE25D1B7;762014647448275FDA75D375C8BDF033
199F04DC79E60AB8;A263FB35FACFBCD2F0E8E5F70AD0715C
19B05B19BD56ECAA;BF9D98A1270AE064C9B9724197B87D0C
19BACCBE28B12473;9D1FBEE1C3DECE53951D2D0C2B47846F
19DDB46BA729C933;2C40E8AB53FD58F61507C2211DC74EF3
1A16C07D5F35124F;34ABF6A46869E00CBB83947CFD6A3947
1A4F317C88C93C04;FF169D5AB8135D38EC92FEABEE0E397B
1ABF6A7265BBC7AF;9E127CE716691C50B5D4959DADA8EBEC
1AD4B0FB80585405;793F60C58F40D956F154F664C472A20D
1B7D60120D84162A;66E2C0547415024E23BA6CB3F7BC7739
1BB49EC9D0EA6CA5;D4E08EAC219C0C0DC15B8C7CFBE1CB03
1BD281160FB552FD;EA576F20AA9AF58A76F4B843F53A8E5D
1BE9A4EEC5B455C5;BAFC5CC39BDDC1D802BA074641427D68
1C1DA8110786130E;A492C64051417A26FDCA6311D2410876
1C274E88CAEACB1A;19C2986726F98C11A472FE40C9ED94A3
1C7548B4E987B4CB;BCACCF6B4AA642B4A2AC771A8D0CFBB3
1CCDA7755CF8A8A1;34348548D16A4D9EF86238D4BE26951E
1CDA8B8C2C51845A;ECC569EC7E0ABAA5E061267B20C84D7E
1CDAF3931871BEC3;66B4D34A3AF30E5EB7F414F6C30AAF4F
1CDFFBB3C97C9A45;A49C23543824E8AA0DBEDC9B7C9B7ACD
1D027D775A8A72C0;DF68491043234EB39037BFB16072B004
1D7706AAE2B74BFC;50E290194751CBCDE72836ACE985A803
1D7C8CB7DBCCA03F;565F29818C49372B2F41E6757A4C8F19
1DBE03EF5A0059E1;D63B263CB1C7E85623CC425879CC592D
1DCF36E171124EFC;C6597AA976988BD4CF57B83304DA1934
1E08F1712C0D3906;0B15BA0532CAA4A61A71333270D75732
1E24D36B4B6CC5F4;5BD5559FBB3279D3409859592207C592
1E47BD8DB4D6032F;0F810C27E910A5FFD1477927E2406459
1E5AFF553B8A15EB;3D5BCCDD1AB185D56E43F7A91A177CA0
1E947B1DFC09924C;256A28FA164D15CAEEDF31F2D08A369A
1EF098EB8F9CED37;8569DA52B02DA72E85453A0AD8A25A30
1F13C7DAB6C44740;21B35B843AE0487AD79C2ADC83E5A3A8
1F9135EE72EB876E;D3C0F672BDDF1B6E70C05B63868959B5
1F9634E672A9F332;D728688D8076368353AEBD8E2499486B
1FAAC4610E18E964;A69438E1ECAF5C611C6A9C88006A9D9D
1FB42AD00DC1BABE;F515F6A78A0139219A9D18FFE9924B7E
1FB4F1C56721C87E;648C2655E0AF50F426C5CD2C4FD221E7
1FBE97A317FFBEFA;BD71F78D43117C68724BB6E0D9577E08
204ACBEA644B361D;471310C55F4A9BCCBD9C2613E61CAD3A
2113A003798D92E5;6B6AB2BCC888096C5EE5ECD6521DD41D
211FCD1265A928E9;A736FBF58D587B3972CE154A86AE4540
215EB8B3EC214DC9;26A146FF2DD166C6B762DC91332DC64E
2170BCAA9FA96E22;6DDA6D48D72DC8005DB9DC15368D35BC
21C322FAD65D30DA;0456D62FE56AF1A980D9B8CF183BF74F
21C62F10CA5D2125;0B4D375437D8F48FD7A0B24C87412BB0
21E84DA531E77100;C6F3929ADDC34A80BC2C3F6A7DCCC634
225902F0EC8BF0FC;098125BC759E47A44F467ECC28480747
225EADE089BA38D8;FD5D6A9ADA76C7067A83BF5E5692C6C3
2264D6ECF80BC557;232C3BAE53E20AF1763E2E8699755216
227FCAED46B30424;8A073CFF56CF9475EE65052A9F7A591A
22BFFF2846A72AB3;9BCE682DE2EFAA2ABDBF6E11BA6F1AFE
22E30D498014E83B;FB7123505373BAE0B22EC8AB5EF1D6CC
22EE6101A078F310;EC437415FA5BC59879BBAA5C5FF36ACD
230E52A06D4B5746;0DFCE6FF9A05A40A7F6750C4789E8C6A
2326F1809E13B2C8;DBCF39A7BEBA9EC4AF4D49DCD34B1809
23457E4AB5352E38;EE3FDCA78B42C07503EF9886F98BB028
236B38CBE43FC318;1489B70562D56A607600FAA80A5AFDEF
23C5B5DF837A226C;1406E2D873B6FC99217A180881DA8D62
23DA9078B1822CDE;6004F077450CF7EB2D6C50B547353A39
23E3145C906FF828;C330FF1936408E00A4FE70D4C171A330
24A9FD0291D2FE94;8E3897029706B6A5467C6A4A78FC2FE0
24AB185B223268AE;18695D55E45624E14425C27607AC3CAF
24D0ADFE446ECC13;7142E8BC55D61E623D79EBD53C910383
24D6BEB8F619C7B1;4DAB2B44C898E5E89A94D9FCA3FE23E6
24F8E955648B3ECC;C39061961B5DC8FF4FC568073B9E78F5
253DB2BE0C7975EF;E67C1E9412A3759427C085D459AF1AB6
259EE68CD9E76DBA;465D784F1019661CCF417FE466801283
25E9229727274CF3;938CCBD5D70F7274F5C53BF843594FBB
2618795C9605D7B0;BA8750EECB390CC71D53EE77BC26B2F0
264DB70A1A6CC720;948848136BDD11D995F3C4169B8A9CAF
265835467CCB5482;0D8441549889EB52FF4001918D790E22
2678A2608A95FAAE;DB722D4718B8B2C31317B843F62D5FA8
26C053B92D8A3A6B;FE8600C072836D6F9F107ABD4EB14D5F
27056956E6ADBE61;B1785782CBF6D5A74D5A89982AF47E55
27683B8282673916;9A0602C6624AD2B185187C8BD7AF817A
278A558C1E4C9789;7CCFEEF62ED56560FD1294BB797EC00C
281356AB2144C9CD;3C72F5E717EFF795755F8E3AA3396C43
28161FC24F30E545;450E19B887D2C52032031819872E8B3D
2819A21C4B5A4780;B4A91989E28C9080BB18E3BFC6154978
285B87353F65F4C6;2B24A531A19FDDA1D0C3F4991F74A545
28EC9EEAD3DEC6CE;E5F7974616E35960CAC237BEA5F65578
28F8AB69448383BB;64AA23A8591E0ED4AC78FA6D3986548E
295255785A0C22D3;9E4DCC34584189A7BF93FFEEF02DDE19
295A571928E81D2C;7F7D9340F2241F7A2073AEACA736D103
295B8E679BB091BF;53282361FF94B45CA3BE2CD7BDD8AB88
29C4474FA5A650C2;B45A3E43B81852D269700D11CAAA5274
29D08CEA080FDB84;065132A6428B19DFCB2B68948BE958F5
29DF145A80D6747F;A76B9F8EBBA688EF3336BD5BFD7D699C
29E553202112D688;BB29C42B23D10EBE4EC733C04FB19E0C
2A1622F880614802;ADDE4FCE2D4BC7BE33FE315F3E903F91
2A50EBBA4B44FBF5;7F1FA1124CC3F470AD4830B6D6A1F513
2A544265533208FD;6F5D6C56BE63E3346C3D5397725CF002
2A5A3795F8E3FA99;F33BE7A68ACD0A38F77088C16B8164D3
2AB4006CDBDF0874;72F0F90B1AA607FF2BA1953D88402A91
2AFA1E90F5548DAD;766F2A524929D997835DAE83C9B3DF4B
2B0D43787E315A84;F3C1F4B29C3C08D10076E1D4C8543046
2B820D0CA124FB6E;564E2106EBE51825BB066107CFB5F824
2C15F065B49DB373;202B0FBFB627C57B6FDA1F294B97C822
2C44E11092D0AC23;52FD2A8E91A4C985A4F1D3C10E11C1A3
2CDD202075F2BB7B;8B780228AD85C5B02653B90E6A982844
2D1CCF4AE3417AB4;DFD962EE4DA28791F0FDFBFF2186BBAA
2D492C027B3FF41C;811AE8200ADFF9B654079F03009CDADD
2D5511A1586B85BD;3A2A7A6B63E6A70E2652DB451C80A878
2D6ADB0D7D20DA8F;395CD9DFCF86A5F5531A1CA3DE439604
2DA09324B260BB57;65818B10128BBE504B0A12E8B42363A9
2DD2CC845F795479;4BE8E119242400522B02D56ED7008BAA
2EA9F0FC3A815D8B;E548D127F1D0E425A9F8299572CBE97A
2EAB180D513B7FF7;392B68B16A046D4E6DC2CEDC9C2EA8E0
2FAA8A07C00D6CB9;6BD7485603AF8C93AC76BC1524D46C6A
2FB87165B4D1FA9C;1AF846174877382335910A76E5AC1C1E
2FF1185B87B12619;AE7EA72B7D89B83F3E1BF85A46D06AA8
301683EF5A071AB8;C36ADA4E7D7BAFCD29A3A0B1052AD83E
302AAD8B1F441D95;24B86438CF02538649E5BA672FD5993A
303E3E6D442535A2;42555599D6F1A094C8F61C21159F3927
304618E5BCEB30C4;76ECBC46C1DB6E8F7259524DBFC3C5AC
30C4A76683861D35;0F11DDA1E43288C5FC72DFB5D5689E2B
30F309734E73109F;66836F67750605F9D12CE018A0AA7706
312CD5FA59479C0F;099CBB0B8E410DA2FC0CEFDEEE02F744
31364E9F65F1D25C;71D36B0B7DFAF10B924494FFEB39FA9D
319A2455B894457C;226BD19AC954D650580187F4A21C60D7
31AE0D3DCD4A59E2;8074A949FB6555F66EB35DBD109A85DF
323E310D6BD63AC9;5219D6B20E8EA3F972FD85D355D330D8
32690BF74DE12530;A2556210AE5422E6D61EDAAF122CB637
32B62CF10571971F;18B83FDD5E4B397FB89BB5724675CCBA
32E2E834D380347D;BFD4315609036C73FA2026E550822000
33407E0261933184;DEFAD6C7E9A78E2A654887533F27088C
337A168A21969F6C;6703678A02294E8E8BCFC423F0FFF935
33801621A7C885FD;93BED471DD0CF902A3A243D8A34411C5
3399BAC84FA8CA83;BE36D520FC65D9C2109EE8BC1D350C52
33DA113FFFA35AB3;BAFF7D01247B20FD8CA8EB5156A6BC7F
3405C3FEACCBCC48;7EBD347DAE57AAD8E7E3172F0D0A794B
3436AD0E26C8911A;867DC40B5F8E04E9F3B80C8254915C34
34487D8CF061757A;33261228E694DD959AC9A68B736F6AF3
34C53C8D45E7885D;129B56FE09B3839189B5A9856C7E409A
34C544A0BDFF3790;2DF5DCFD2B8C530FBED0BAADFF2E8A8D
34CE27E1EB943E90;68DE336DF7BF893189ADABDD421354EB
34CF86692348E0C8;1CDD3A2E83FE89881C762C28D63EA190
34DE1EEADC97115E;2E3A53D59A491E5CD173F337F7CD8C61
353B2AE86801418D;F6E32B9FBBDE80D74451B08FE0FC6963
35801EA3876AFC65;D674964784ED427A1DCB5CD5A4C0C7DA
35FC62C0E25BFA2C;690D5EC1E56AA050495B7BAE513CABCF
366134E3B4ACD2AC;FF02E4391CA82A0C39A87CD4F4BCF56C
366DDF0602FA4CC4;30E886A756CFC2D4A7F63D2E872C1A4F
367C71E9FF9A794C;BCFCAFEA35A33045E37CF8E1F1F12EEC
3692291361CDD66B;87813691B2FAEABC9A28265BE03FAE7E
3727F55F1B7394CB;AF5AE9113952E914BD8A589C8EE2D009
374C5BA147F65790;86F2FCB6A54DC2CD50F55C7A50A9458C
37F6DA314D9EE489;20D0BCB3AA9189C6EE239B6F3B2C1AC6
37FD8E4D9384ECCB;ADBB7EBCC00E26D248C528A0F387AA83
38138436341EB55E;CD0DF843306C37B5176891FC56DF7D57
38712000B9A67B96;260B5867C2EA70985E0FE2042E9FD44F
390336A9AC1ADBD3;F193E1AC0A1C8093F2318247F1EDC6A4
39B4DD7C4E53DA6A;EBD9466F83854A57A6BC9B7DF081A403
39FE45610D12896D;6500CD8B0F0790D6A79BB21900943766
3AD762B64122D614;002C961BBAC2DD939420890E52557042
3B2033D6DD0DD568;E46308243C729ADBBCBC588F531D2378
3B36A70A7F336923;B5FAE558A081D95949D160BA59E8119C
3B5F7F98B705945F;9F1C8305060B4B3A9A90B7A15AB8325E
3B7A8BB787F51DEE;A7CF4D636B99381BC4ED2DE3E4342641
3C01A20F3CC63C61;2D866A38A4D5387E393B4B12866BCEDA
3C11955CEDD6F781;C17B9BF65CCEC8D2656DA50617B45CA7
3C54EF6D0AC5D3DC;A28F7B207EA095ACED516F551BA0309F
3C6243057F3D9B24;58AE3E064210E3EDF9C1259CDE914C5D
3C8D42AFED7421C4;2070D9D1972AF18859F154F82B239E2A
3C9854BBC0F60981;83663A9E9D676599348CEF6D227929BC
3CC08E35AE278449;8415B8E7CBF06DE8CE6BE388F833F33A
3CD300F61EFC3F68;6B5C203D127C385EAC90694366AE03FB
3D577D97213615C1;E0DF26967A7ACDD8974EE06A9305F0F7
3D74DCFC5D96420A;E38368D2DD3DD5BD94FB468622B67BF8
3D7C4D5583940656;F1C869A36E0D3F414111C4964C0EBD78
3D850AAAD329AE10;A9386FF4B00D5B1B626520708C2EB5EA
3D924AE4F7BD7640;2A53DB5438A31568267242989DB5EC6C
3DB25CB86A40335E;02990B12260C1E9FDD73FE47CBAB7024
3DC0C4763A2FE33B;73F9B6F177103D077F4EAF21EAB450A4
3E083B4B81636900;4EFB2F33A5491878CE93091540AB2BE2
3E0F061C82BA3D25;06EF8198C1EF9FD4F15CCAC0C594813B
3E117AAE9B07DEE5;F1292E89CF4AA38766DE1493F79EA7FC
3E95EDEDCC958157;1E98DAF557ADAEA6FDA5CA5FD46DD4EB
3EE99656CBF63126;E93636AEC5EA3EAFE6C7959C05D74977
3F311BC7375687F8;230019DB7FB71622A86E69B9A1E8F97A
3F88B8046BE207C7;3CCEAE81E8AC6111C096E423A6709338
3FB7D64C65B792A2;07790B0FFBCBB55869B1C91DCF5097AF
3FBDEFF750495F50;536A8C809C5507541BD2FC6917048975
3FD0EA49BA773ADE;9684A7AA2CA061DD33B98EFABB33147C
3FD4E6935AF3ABCD;5BDF622B3370364DD10C1AF5A6EC95FE
3FE91B3FD7F18B37;C913B1C20DAEC804E9F8D3527F2A05F7
402CFABF2020D9B7;67197BCD9D0EF0C4085378FAA69A3264
405CF415A88E31E8;B3E8C41D6F2FB6D994C73470B734AEEF
406E4171C856FCDA;394BC488D2F566EDF1E5D39B1B86578B
407209A77A64A1C4;3819E9EEFE9A5AA42336E3DE70083B4C
40A234AEBCF2C6E5;C6C5F6C7F735D7D94C87267FA4994D45
40BD723D1F4B6DC9;9DFE06E6CB79EAC439E599380B2A059C
40EF161755225930;6E44EE2AEF0B1BF7B4197580E7F0F6A8
4114FB8BC431AAC2;B743CAF9CC4E726F4B77CE9153E8599E
4122DE5CCD2AC4A2;388EF52E4B591BB1CB163AC69C26914B
41A0F110F49EB86A;DF50C944B42EF16B4E6FA3E3F28E70F7
41ABC3C27C40F76B;8EA1C88BCFE68E9F439E51715692B0B9
41BDEA4884539B22;14C6E1A2C0BBCF1E6D21A21F39D551CA
41E698459DAD7101;BFE876011660AD32A5727E489F836468
4223772617A3212A;C40963171B496BB765A56EC3F22DD648
422ABA4AE3E43AC5;A0AE8DA966393F206012A61AE819BDEA
423F5F372340B9C8;20804F290775CE1DC895B9ECEA839BA7
4243646E40362266;1559B07BC5DE3161E56D13AC854478D7
429E445F8823DE47;CB104734DC4ADE454A7A1A1796423B21
42DB829C8E50E319;34B8AF065734817992FE3887DFFA3D08
43855C4ABC59CD03;91A374B1E8CFE46D2B82C769522D7FAF
4394A7A8261A57E5;1F785F1CBF6263E9C77F340818D15378
43B43D5334677B55;6FA51D5123102653ECAD224D2726E2EB
44324FEB63BAD71B;BAA7A3311F36D3F6C1589FBF34F163AF
443EC13FCC0EFF77;80AE8BDB634DECCD64D5A09E143C0AFE
445375FEA90DD2C1;CC26274566C490692FE28D2B202A50E8
445C444DDCB144D0;E11F306110A247AC087E4466E8505AC2
447BCAE9FA14B15D;0A4918E23006803E3B2C45D74B1C8B63
448ACCFE7E59FC13;254C1E4CD7A44BD5AF593E28DE0D0250
44CCEE8B90F15E3E;5BB0356C3558AA430CC755BFFABBC513
44F02BA11A4DD642;2262FE247C014ACE508DF17A4F77FF1E
4570E5C612AD4680;C75A7240BF0889BDB50DB2147CAEC29F
458DB55BF2F455C4;0AB683A6260B2B7F9F13A709D2263E7D
459A87FED31E69C8;F908E001E794662FB1E39FB73A939D61
45F032ED29498B10;3122A50269A1C76E455E1F996FD73B51
460C92C372B2A166;946D5659F2FAF327C0B7EC828B748ADB
463B8AC09861DBF2;85148A616B3D2C0F3B5022B871E4AB2F
469A593C0A6DCBD6;0AB6C1E3C24AF9D02651BC3F48A24115
46B9652048C5B9EB;42AD0BE54BCFED5975C35BC800F6944B
477AF884E1779F04;81E736619B2AA8D3BEB380018C04C097
47DCCF47F985E0D3;373226060BB189710099B30D1C7E11E2
48257923C754A106;DB716E9732206BD1765CE240674972AB
486A2A3A2803BE89;32679EA7B0F99EBF4FA170E847EA439A
48F1D40B713B2125;5506D99E67A0885421E85C827A567F6F
4920DEDBF74A2EAC;CEF76C70C60B762B96925E0D83A70912
494A6F8E8E108BEF;F0FDE1D29B274F6E7DBDB7FF815FE910
495F89BA44842972;98982CF0E6FC55B13CC87F778E233D36
496CDE1F1C6C252D;2428C31C5DF23906C921D37F66309720
496CF89BC7958771;DC4B47675CBB92971A3742F07205A39B
499ADA8196309440;FB53E06D587BABB036696FB76133EB8E
49A3FD08DBF12BC9;A1A74D9C7FB4A6E4ECE483E7284F6DFD
49AC6E0805DECF3C;4E9841919ECB620D5302A24AB27A8705
49E4DB410ACD71E4;ECAD54E4CC6AE5A2B1CDFC94DCC4A7E0
49FBFE8A717F03D5;C7437770CF153A3135FA6DC5E4C85E65
4A3088EBFC7A6F81;3527086CA1637B580747A46C109152AC
4A4EFF04F95D4647;ADC6632301377E1678D38FD2B226C432
4A7BD170FE18E6AE;AB55AE1BF0C7C519AFF028C15610A45B
4A8871EAF83B4911;015239BBE0EB1F3027C25786B46CF94F
4A8B67961D24D2AA;8140A5228039D27B8ED5F41EBD78808E
4AC917369F585031;7318A9C41DA81FB95A4B327A099576E8
4AE97C7B1BE31203;67DC8AA374C019651B45F3B60672CBA7
4BA04135745B0C77;48AC8F63F9F6D4FC7BBEF2F89740B73F
4C2D8E767CA9AB2C;E5BB8A86BB07D649C1CB53C1A77BFBF9
4C3638A33B225E20;85B3197B105503D9BC1176A6CE90B21B
4C5728DB7F066DB4;FC80B77B2E236CA777633D76BA346A6E
4C596E12D36DDFC3;B8731926389499CBD4ADBF5006CA0391
4CA0620BCF249A52;F7543EE22D217B206381A38E8E61637E
4CA3E38A5F339D85;65DA28D697E82F7FB32698F5DC13FE67
4CBDCE7F16EF5ACD;855C449E9A0EB0C6EA7576EA108A4425
4CD710A9F88E208E;83F7C9CF19C367E05D0605B5DA956C2D
4CE32F2A9B651B5C;F98FA09EB5221F37B14155E4491550D5
4D06C199983DF9A8;104F2397689A35C2254E078F918FACA6
4D356B23BBB63ABF;5B31F5D4371820E086D1591F20963C6F
4D81CA32AF4851B8;2FAF218D810A5D2C5BCD6EBE7AF67C66
4DA2723D4D451EF6;8EEBD61A16AA1CE9DDF4210DF5972271
4DED28150A11C6E7;9F8D3D0A2CCBED0351611709B0DA6C19
4E4BDECAB8485B4F;3832D7C42AAC9268F00BE7B6B48EC9AF
4E8FD51F7FDCB494;6F196648E9E0BD75C4C963214FBF4353
4EEE4A874182B591;3B77073F0FD822CB968905BFEB25202C
4F29CD1DBFF6A704;19F04581271EB256F10534E50C829D30
50497E3F57DA1889;6A7B716D1BD8C1159CF91A130C3F43E3
506CF8509C9E9055;93221DC2767C48D94BCCFE4D7D781D58
509AF37A4ED57F14;EEFB0D3CF6B74F941F20D567C490C63E
50BDE6C6B138D920;863DE7EA7EDE5218CE9286360DD54CE3
510F40A175295C4C;CFF6E8424CB0FF2EF6C9556BCDD41A4B
51A655C3C51E98F2;095C0FCE3FD939CFD0D15527214D2DBB
51C45371AA62A30D;802974B82D9983CD78B6653320D3DAA5
51CB2347D8B223FA;162E20650348BE679C42A2E2BC0ADC17
51D0B212FB549BC7;A5DE4C86E96133A100237BBEDA39FC7C
51D971B3593E5EC0;148B724E40F63BB8EE901FB38A252371
51EE74CDB869BE65;2CFFD332EBFBED85AD1B7313C270CC9B
52A49BD8FC9DCA3C;C867FA7F093432018DFB8A849CA758BC
52FADAB22D1DC9D0;45BE0E40A1ACC00039FE3EB300658E03
53422759826BCE28;467F7BB845B50ABE1B0BD71895FD7838
5355B609B4435971;DA1867DE2B13BA3BF4548BCA8CE356C0
538E11B7CEEA9C5A;2327980FEC264FB28E15C8C898C11E06
53A9CF4BAB4E0F96;AD3688706F2642E67B42C5B60DFCB211
53ABC913BFA5E87F;D348132C8BD284696B27BAF1D3CF881C
53AC17554CA9C98D;8E4D22F744E1BBEE2C13698CDE68179F
53CAA66BACF66D86;30F2D6FB65981F01070F2294596F0372
53D82ED2C623B20F;BEC2EEC90E29F77A02308900109FDD03
540C7937DC23B602;F07016AA0CCCAECE5D7A71AD2CBB160C
5460B649FE72647B;4BA76A837A7EB924AF9EED628ADC4081
546D1A38785DEE28;2E06CEA936BFCC3C67D4E37B3948CE6D
5476FE82664E1A0D;46CADED1E5970C4C7F6401609BDEE454
5491AECA4BB44B73;073006C27438135A882FAEAA57E1B8B1
54E0E8C0E9A4CEE7;418D3FA2CBA3D97229361E2DE7967928
54EA7445B63620D1;CB1DE6696D66FBEB248716782B3E1DC3
550AB6D42C0118D3;BF507B7EAC6729550E87BD444BB70F35
55354B2B47E4402C;B517F874773B4533528E805F387D3A35
5538279826A25022;8D428837403CD65036F328463B38E91D
553F7E65A79FA699;2C57D18648B5C91E926087C420AFEA63
555F0535AD7E4805;46473C452CC651F83CCCAA28091D599B
55797647035E7006;D63B99D0E90466B97099D01DCD9168F7
557FF03398E92E74;6AC0349EFE05A585088500BF484B99AF
558F5E63EBA1663C;29AFBFA1F3E8EDA2A57117D043DDAD40
55931C15BE2AC743;8DDA046E797316ADBB0A37092C6A9819
564AB4DE5673D638;C589AEA4F73AF700ECB8041614118241
564E0B50A8F6AE8B;DD992F27A6CDAC24B00A2EC09D515212
568CB0286DDEF4B9;7F9C7C7E84E2B2E26108CFA1944A5A58
56BF06E987D9401D;54616E7225473CA58F0434F781341B02
56C610BB0A595AAB;C4CFF478AEC0B4E3C76C8DBAEB8707AC
5714C7E4C91747CD;31422B93E0C97646076C23D13DE5D65D
575515B248E648DD;252BE6D3AF781043DA148B5F9629CD84
5767E17596EE8D2D;A598176E5D78C0BAF7879829D2D193ED
577E78AECCE3D388;196B594539364ECCFFD92E71D9193020
57A59159B8510A63;AEF2CC7A4E3590703DE64AC676DC669F
5813810F4EC9B005;01BE8B43142DD99A9E690FAD288B6082
581FCCAC40203EC2;440C7F9D3CEC3F4D351155A20F34633D
587E8D3EB9594F4A;0EDE7A2C7BE8A19A987388C3F6046755
58AD0B6BE50F762A;8FB48AB97A129E36FBDADE24957A93C6
58D3E142C197C438;0C977AB01858B1640BC3239EA3CE531A
58DA4FB5BA863484;9E7D2903725AB0527CFF47DAD274613F
591C8211EE53BFDB;46A619F7A6C4E0CE542BB1A9E4713F34
597B3EA295C88FA7;2D364AE4D46CEF422A6F531D9B1A7AD2
59AB90E07B2E4779;6D11A3D206A625BD1D3725B4570595C5
59CBA5A49554EB2F;4B5FF9C67E021C5E2AA3B05AC9E05096
5A849882AA3B364D;57204A33970893F112702857857EDD3A
5A8C5AABCA848F2A;26A7C2D40271F1F6466DFFBB59D42FB8
5AD530AFF62125AF;883E966A06E0EF0B8EB48AADA97C3A3D
5B0ADA26BCE3ABC0;B34FC824927A7510E759B25F9CEC7252
5B1A3C7FC9D58D21;A48BA8E319207B2C04E82B25C0F3C149
5B256C6230E168FF;89F31D0FA381D72355566B0124B8E1F2
5B267022404105F4;B7A541964FF43F5CF3B1528CFAB2439D
5B657AE4D191AAFB;F884AAC1E2AB1C413F7BADDD149D0961
5B81E821AE94BFF2;E765E64438243A03F015E6F790DB1F89
5B93089CD9316EFE;957653D34ABF298846FF5604C1EB06D0
5B9F019A0F839A89;200C96D8ACB129B517BB6322A4DB6C6C
5BA2E49489243C24;923039078ECF11F9620F318D050BE1AC
5BD29F002BCB0A1D;AF7639B8FB41C0D0E3016910891B369E
5C172612CB60DEF2;F510BFEFFF2F870B08931B62526F01FE
5C6CE22DA728DC17;E70149200525C9C67F982D868E039DAA
5C7EB5DF573984BC;7BFE1E14548BE06BE783131DBF7AC794
5DE3EA11EEC99E97;ACC6C2978B9E1660B3DEEBAF123249DD
5E3ADCEF5B05C4D5;B3922FDC06317BEB2D7AAEC6FF06B06E
5E5D896B3E163DEA;8ACE8DB169E2F98AC36AD52C088E77C1
5E6EB3F5C47183FF;73ECB7AE1519E39CC8BBD8F990F3ACFB
5E7181FBA91F3766;2F6AABDC389EA10A11A9F1835804F86C
5E7B9DCD0092888B;6FE5A1403993AE2A22A4F1AD31144DAB
5ECD065B76E6E507;5593D0E8663AF72292AA355FCFB034CD
5F1C8C3CFABDC578;EA5A36314609C67084DB63CFF787DFCA
60AA7C5FD939EC70;CEA8D4016C7F0B2394E1274135CA8D82
60EC307007334C75;D4D21077161E7392A2638F93325B68F4
61408E6E239E19B2;8F33A38144311D43EBE4CA43587FDD0F
62EDE4DE7880CC68;EAAA8D5C76EA95763152AE503CF56745
637AD198DBD985EC;A831E085C7A0984557E797305CB2A263
6380532D92A21746;9D6C935FFE1BF6AFB3F33C17766329C0
63FA500911D24273;B9F95AC9DECD3B8DD9FBA9AEB2A8D2F9
6444A004E5F352B9;768A1C070250D17095023DBDBD023BC7
649F6483822B8C3E;DBD935200A22E789758940E91E1CFCAE
650E0558CFE68DBD;E498294E3A2CB7F10B0F1AC898F379B6
651E14F3EB9D05B7;CACDDEB034481886F2256A71F54B5091
6554DE3079CB3CF6;0166204046FF31CC872C161C73B355C8
659AC1B1A18EF121;992162C3AB95F60FEDA23D26B34917AF
66033F28DC01923C;9F9519861490C5A9FFD4D82A6D0067DB
6620EF59654C7C1F;3730A779304F68C4C59C5EAD1347F260
667C9AD6F57610C7;F7F98EFE5DB227928F97028520D97FC3
668545061C6A4D54;9B7215EA68CA568F2CAFAAD5917DC2D3
66B7582A7695519F;F4641E8AA81C24DCBDFD9732C82A7267
66DC1DE035411735;FEA2B0FB82810AFFEC8DD83C3B59663F
67AD32C6DFF4B640;033211B892F52CBE561051EBAAC8CE2F
68074F29728B549F;FBA5DF1273241D51FB4C6A2522D03CB6
680A656AB17BA19F;B9A19DF39D132A780F6F3D8362C32C01
6840B5F9BB433BDE;3CA2F762B8071F49DDCE21AC5C198A48
6870068DF23BA71B;58976CEAF5E2AB193801D713ABEC605B
6903AF1A9EF7A8B8;B12C34B466D080F88C5AF45A8DD991FB
693E77574BEB7FFC;8BBFE2CF14BDE5FA7EE664348E988CD9
69526E93CCA538EC;1DBA695BD8A7BABC6962E7208B757EAF
69549CB975E87C4F;7B6FA382E1FAD1465C851E3F4734A1B3
69B11B380C6F98DB;A96A2F1109B0BE5C4CD9D38C6C79DB88
69C6056F7C4BB910;517A9D08326231C8F4E5E55CAEF9CBDF
69CADB492EBF739E;63A42BB528050C5947735C1836605C95
6A026290FBDB3754;3D2D620850A6765DD591224F605B949A
6A2216CFA1CED1F6;AF0AAD311C2B55AEAA36F89AEC49A2E2
6A4ACA915BB8BCCD;1BF11C6C7E1B294B1F636A81C3EE940C
6A6D6194E8C11ED5;6C5083B7217CC96AD752F5A5248153FD
6A9911C24310752A;042045365C78E66990D705D9DEA5C277
6AC5C837A2027A6B;B0B7CE091763D15E7F69A8E2342CDD7C
6AFC65DB7710F6AE;13D62F3C8AE03D0E5B0C2C4C1C152D42
6B20D9D506B930E6;A42EECB763C879C39CFCC3820CC05713
6B2DF2D71E7F2E7F;EE6850264690B24CAFCD6ACBB5F7D0CA
6B3F5BE7C8119963;D2857E0C849834A37EE8396454C0B098
6BAB59BE1A7D2D60;4375BB2B81825B6780839638DF9D4DFB
6BCD26B176E2958C;3537C810E34373F37E2D2BAE84F730E1
6BF0360FC30A1651;7A69DC9A2EF96E9EFA1F4EE37544D060
6C24BACD770F8104;E1C1EE7F5A315D2246492F77CEC75DDA
6C3380DB72AFCF88;C5EDF555CE52F6717B38281C1B46CCDC
6CA86EF80F281839;8499316E33BDF07EDCCCDC04E2DF2DA2
6CEAD213E31A6F01;1D263CFB4BD4DE9EBF59B1287E397FFE
6D4FBA11C8C992AE;95498F44676A85D6343D93BB9A124108
6D6AD51EAA144766;3EDD690A0918A42B49CBE214BC905D22
6D6F019E65E35A63;4B69397878E79898E63B56A9CC788DE9
6DD6A3198E2C93B5;6B751F391B8483F19665C8349982CC96
6DD7EDE0B5127AA3;DC573F6C1A537DC615F2AB9322EAA573
6DDAD5473CEA3E08;FE387FE9EF03C486CA7A2849FB71DD94
6E0443A7590295F9;78B9EC93C6837BFC1B1279290FDE5EC9
6E605ECBB6B95EC5;AE6A2306A24B284C7BFE475F9B4499C3
6E6901A8AAA0D886;D2A3BFD08FE160C3634D46875798D7BE
6E92CDCE4FEA3B27;E98805A6B0D4EA3C280A4EF49AE51011
6EA6B9E529B29CC8;7D8FE788CA9AF07F99C3DCA61E1FBAC7
6F36C4968B9E50E7;F4E7E6EAF36920B908FA6285C68AC159
6F9C1B2D46422349;B70DB6B64F55A6A90D9D40CF26F1D190
6FA0420E902B4FBE;27B750184E5329C4E4455CBD3E1FD5AB
6FD2B7E3C17A3D39;4D360D0A4ED6CC38355700A77568D951
703BE00D014DA911;4D57F7B36AC66AD75AAFD7A4EA7FAB38
704D3DF3B146EAA6;CD40510E74C134CBA377FF7BBE531E93
70ADA4BAB9682977;8CB92FAE5F9FB4811E846AD4E9B585F6
70DB7B78F1D09064;86CCC8EFB6C4B690D1831CB1F7584D80
715CEF015FF6FC36;603287CE9960222A513BE6DF3F44387D
716A659A6D434953;E0713B8F5EDDF3754CAC8E80E0836FDF
71C14F1F534EF366;F9C3DB1938EF8FA910B1B95CB7735AD7
71CF989D099C2652;D3909F3EB56566BE4FB6C2CE78A9E002
71D65C61965419CE;58FC635D55DBBC88DF705D7DD83DEB0C
71DBDB64E7CCB009;8F451EF1A3BD6CB649EAE10839F505E8
71F69446AD848E06;E79AEB88B1509F628F38208201741C30
7204A5C3116B2733;7F064A9444870DFEA729B23DABF06CC1
72337416FD82C794;F4782D77EADA330A2DD1789D647F27BF
72537E45FC182C5C;7CE38CFE390CDEBCBB567B13959313D8
725523B268F4F1AA;E00463FA354A9016813BEFB4C715599F
725E3CA857E0D99F;91D3ABCCDEE720F4BAD5B90EFAB904FC
732B80DFA0062CB9;61A1E471C942C4E182E1D12A992B7217
73F7B2A323EAC109;95DFE0C79D6D4540651DC794CE1BE536
746488423159E2D9;006AF58CECA44E35002C81717F9E63D4
747A16FD3A3F6970;1626FE4D3725E1D17DEEE1C2DFEE85D4
74A064FB2158BC2A;F3A05209B928B0B24C19EFB403EBEEC8
74A68C5A28EB59EC;564C718A3DEFDC15558DFDD771AFCE3A
74CC905F96C173AB;3BF8EFC1BFDF4AAE0C8B22A46C754206
74F4F78002A5A1BE;C14EEC8D5AEEF93FA811D450B4E46E91
754DD97785AE2BFD;E56AE70815D24B967F3F987C80B65398
757E6997B639C0FB;63D940D656773DE33E8E9968B5D0465F
75964D43AB5C4154;F30265280CA217AAEBD9CB5C47F7E532
75BD0F89A7DF7076;9A4F51F7DB21D04932AF818642CC7BEC
75C414AE06E9E882;FD21DE9E69709F554F01D4F5A67A38A3
75E2B6A4145B00DB;E09B5A79B5FBADE19D1D979B2C32E4B7
75F2ED84DA6502F6;AA552CC1C62E960B8FF841904D462623
7604CFEEF667B7E1;529A67F3F8C3B8785A7A2F98B06460C3
76343826D9F41699;818DD055CC44D55DC3A6F5137233A7A9
764C0CF77362B479;F3BF031DCC3993D9C8CB010D03FC00D6
766E10BFB786B3E3;08FB27A77EA54B5C60A2F04FCB95A61C
767EA084385F71E8;B5AE0E64EA5B202B1E134BF193BAFE08
768BECAF7274572A;AC4063FD74F33DB188C970570D6E6A66
769C27E00B5987BF;AA64A828C46141CBF4973FC1DF9A6CEC
76AE439A21698AFC;266166DC46BF2D0C87E6CFC446D26957
76CF84F8E97827A2;0AE2D5348067C2B1AB7C6E17CC54A015
76E4F6739A35E8D7;05CF276722E7165C5A4F6595256A0BFB
7767F7CF84170330;50AC2863208BD6EE8500F50A16D16723
779545C5B9F8D26D;F60A4A4EE59B8453C51D7FDD110ABDB1
77AC8062D873E508;C7E105215604848BE7AB723E44DE2DB8
77B8D465E89FCA05;D9BC44B03A6406FB17A3CD4FD0DC08D1
77F0A6FE6BE42E62;35BAB92981F604EF4C3C2253C03D36CE
7810113EF44E92B2;A2186B586AE686F3E1579FFA9DDF1703
7827FBE24427E27D;34A432042073CD0B51627068D2E0BD3E
78482170E4CFD4A6;768540C20A5B153583AD7F53130C58FE
78B7C378F1424152;DF20B3FA415B1625AA7D8222612F75A0
7906BCED5AE13DD8;246C1FC337F9EDE48C421D9100099F74
79383B3295AA93C4;EFDE6AEBDA6ABED65B2FE91F3395DA4E
793C3C82CD5BD35B;3C0752EF6D5FFB913C3F772B354A51F3
794F25C6CD8AB62B;76583BDACD5257A3F73D1598A2CA2D99
795BFE289B732471;F598D4711F08BF3431C11FDBC4C8B2C5
79741096B808F734;02A1C45C534D35114AE914E7C70E66B0
79A0273E1B12AD27;759421F9666409F7F9A559733E23C6F9
79AFD6E0EFE67082;E2EE18694A4F69E447D0670CFB6E83B2
7AD23E997C77CBEB;056F354EA08641265344336CEF0CDB8D
7AD92863CB5CCB9E;662B66804700C8048894E5B0E6EC9B19
7ADB66CEA3367A0A;05CCA8B80DF535DB39DF2CBD513AEF22
7ADE47D1957FE7DC;BC8765709307FF0DD4E8FD3F20C0F138
7AE71E106C480386;757BE175A98CA3CED41B968DA6672848
7B1DBE68DA27E12F;1CF52B6E1B499F89EB99E17E94D49716
7B226F498F831255;069F273482A6490FAA6D0EFADA2069D9
7B2C5AD39D0DCE8E;7BDC22DD002A1A3CD3063914FAB49522
7B323E959178B2D8;CD41FD9D740DDC28BEB97672DEDBF314
7B3CB2FB9C22DD80;A43AE9A07DFA9CCD438AA54614FA5CBE
7B4F98ED7B4A0788;9488BD283C34BDA204810983B7C94273
7BB3A77FD8D14783;4C94E3609CFE0A82000A0BD46069AC6F
7BC84BDF8EAF7162;1A1DE8FB66C5ECB46F06635374F90E99
7C3DF361E1D853F4;694C726EE9B0F66407317C6C6E6173E1
7C86AE10DE9A2D24;7B0A70D0D16EA7345BFFDD56F65EA27F
7C92AE02A95BB976;358547D74258A551F0DCE9617088C4AD
7C9916BC67F0FB9F;314159ED6F1A7E480E0C45B7B6B4AB1E
7CD6AC9BD4B6C2F1;20E793066B7D48946BCE64A16E7231D7
7CE7BE256352B622;31FE71B74D1FA4C144CE58FA54F27D9B
7CF5C0B035E12099;36F93F8CB07A5B0F24541713DBBF5340
7D6BA2B736B98848;77D2245E07273C096747A9F83751463A
7D822BE9AE101C08;CAD6264C5203713DACCADA1C1702E487
7DDE8B813C44ED10;0DFE9143AA0BB1DA4C019A1B97E5C39A
7DED8D69BD96A37C;7B2E73C55AE0810BDBAA103BDC3D2A87
7E1F1D367C75D4E3;3715B85F6ECDBD3B1D8589602253DC75
7E4C540FC51875EC;3671FCCEDFF27D9F463F6A5BEDE5E22D
7E766271DF1A2F90;2CEC2B76CF05634DFBC4CB1FB98CBC4F
7E8C4959A102F7E6;9F7D6BF757DD6E5611FF9A7E7B36C6E7
7E9AB6F091E21B4A;9F0D73BF1D9DB956FE32D723917C199D
7EAF07C396401E56;4F45EDD807AD7A1A1B0F498DCF04B2AF
7F7D6EDEF8F5BCFC;F1D59FEC5CB74B2E663800B7DABF3216
7F9E217166ED43EA;05FC927B9F4F5B05568142912A052B0F
7FD7D4E423C7853D;CCAE9F76C512D815E7613E6E7F9DAD5C
7FEE03E91D27A6D7;2A956A934739122E1C1FA7F7C32D0C40
801FD0E0D505C316;9130646AD75244BB445B6688A5007B5C
80D7144779D2E4FD;2DE052DE32C7DBCA2A35BF674D15E296
811302921BF14071;48CE76C8EF84E20F24093CB3DF5CDA82
81402144D1EC9F2B;8381538F0D31B9C2BFF0BB09EAF310AD
814E1AB43F3F9345;B65E2A63A116AA251FA5D7B0BAABF778
8165D801CCA11962;CD0C0FFAAD9363EC14DD25ECDD2A5B62
816F00C1322CDF52;6F832299A7578957EE86B7F9F15B0188
81919BE58E8A2D9A;954B2821FB18417ED2A81322B2D5C20A
823F993A621D7592;4ACA33747E6F5F08E2CAF43211E8573B
8281CFAEB6AE6182;C32534B1975C7107B638D47794A9F3F2
82866CE85D58D871;7B8915A196D33BAEA5F8A2098BA0A95E
8330F1AAFBA22395;9FCF25501D904EF1F724E9E539F58F89
834E863E91A946E0;FFC47E87FAD88A8724E2CF3EAEE1AA06
83A2AB72DD8AE992;023CFF062B19A529B9F14F9B7AAAC5BB
83E96F07F259F799;91F7D0E7A02CDE0DE0BD367FABCB8A6E
857BA52D3AFFBF12;3EBB52B0D4EECC829789CBF6D91C456E
859263E3EB785DE7;AE1B1DF2E19024BFB31B2184308162C2
85B1F0C5AFA7684A;7A29DCA990AA0A7DF1994EAF000454B8
85CB9DF9FC580C0E;D170BCFC13B1A2185C4FE13C5F555E2D
85D209DFD1A68461;373D3A420F6AFC73AD5EA97C6394AA07
85E4848E6CD49F97;62239BEDA92AF2CD56BD586D7666BB9A
86063AED38240C61;F1D7EB1AF5464FAEFD630BBC240AB086
867D98DC263C7AE1;D6C5AE4133A0D32F6A333919C995C29F
86ACAF9277898823;E63DFD6916BDDE9632633B255BEE7310
87413DE10A58AB14;0B08325017729FD1BF2BA6C9EC03B091
874ACB932D84BA35;C8E0F454D2E703E0F6D1083D38D6CD35
8786F91C1F603552;A9C552E6DD60AC53C1A26F64612E2E42
88109D2AA74A2712;B1F049BE058689FE3518C7A032704DBC
8831955158E50488;125E992B50DD3C1D9BD5A47DCAD74F63
88A80624B28D53A4;2C8EFEC60765DCCAFBC6D83E8AFE7F45
88AA89C3133A1A11;6620F649D9ECD35EF4686CFBECA7C95E
89371A859A1AC231;64BA07C9FCB7C3200D28632B2BC7084F
895C705FEE37FFA9;F966A2988778F63F33B3E86290F85210
895FA359FC2C6D8F;6769E43D4FBD8A8B77DCEEB2AF55EFB8
897F799E78E10A0A;678FCBE53B5B17495E3E2309FEA30AC3
89C57A40044B96C3;2D44B918C2240663205BDE068A37D817
8A34D884566690F3;D77E4B5D2D5F2A07D1B74C772C7B9E1D
8A48C4BA4F3C981F;696C021CCA311039969AFDD7295BCCA6
8A6CFB361E096A58;FAB96307541B844ACDD98FFFF478BCE9
8A72938A1C5156C9;E29CA4A072BE70A9F93B37EF630A599E
8AA33E951B061C6C;45F8A8739461A15B5EECDB8ED6D66820
8AB2DCD201956FF5;F49131047B25A7D30067C7CB31F4B7C8
8AE3C84596DFE031;CF28720E56BA3A9FDCE057CB11248C8B
8AFF03AC659078EC;F2E11E11730EF60A2433D34EBFF71560
8AFF128B2C44402F;0928597DDA061CCA2772639B18153BBA
8B0DF3D1228D5DB9;F7F309C19C636E92F65AC9C7EBA93C9D
8B12E386BEEE5244;4675FCC111AED9FD7689F925C54AB215
8B43668713C3D28B;9B34F51C116E1814DF13EA1638B403E8
8B511857AD868E1D;4AF0380026B20A16B990A1F3671EF8A4
8BA8168048B42375;B48271A38467DA1FD302A52F1BB98E48
8BCD3D66FFB4B572;7B252AB26796D21A201C598784AE8E3F
8C1ADB176205F470;2946F0601C13DFEB8B69B93BE9C4D176
8C235B70EAC15622;4592394ACFEFD08CB3BA6103972B3235
8C5D908C48BE21F1;A47C9301EA4FB34C9B99342D24E64A9B
8C778F78C8402D32;7CD8C2B5DAB58CAF1018A774863C58EF
8CC76BD7D5162A48;1ED1E56D88939C1D66C6EE3CAD5A94BA
8CCC6AFAF9700688;684BB221F6A95F0068F19E52FD057AE9
8CE8A9CDF65B5579;76BFFDA5A9086E5F733D174575ED61DE
8CFBAE35F458537D;D22EADA977FACFDE070FE06F5D0C5CDB
8D01FA57EA6AC0B0;5D09651CE5A646F8223FE6DDCF885C66
8D189DA1612983CD;C96EA3A4FD3382F17BC834565D7A1EAB
8D694CD25F35CECF;4B9651AAD76AD2A253BC27BE364AF602
8D99A57AB235C0C5;3F2BAF263FEF6326E3B0F84C9E01586C
8D9B2689312225D2;C1B59DBC3002C970306F17BFEFB3E6C6
8DC2CC7B6723FD72;229F528B8F743CB5DEE6D2B23999DD4D
8E39F4C1A7AFF679;74A0DF5BF6DBD71D22B26BCBE0F77CF7
8E41D10BFE9C07C0;461F0BBB9E4C2D7107C9FA790D64CFC3
8E7D08D9092588E3;346735E124E06FD2E5E3B25E5C7F506F
8EE2CB82178C995A;DA6AFC989ED6CAD279885992C037A8EE
8F3890E57669E049;9018C0FF4AF545831ABED325051C4B90
8F4098E2470FE0C8;AA718D1F1A23078D49AD0C606A72F3D5
8F5A594F8020AF90;864D13ADC964E280344985CCE01CCE1A
8F84CDC635D4624A;E37B44167AD2BA50876EA9A74DD61E9B
8FED70D00E4A9561;58F1AE57E952E75572D08CDD7A42D738
8FFCEE7BA935C649;62D459234F667FBC0E1C85750E8ABE37
901ADCDDC6714888;4F1B72B946E4D76771B9E2C5C9C70BD4
903DAEB5D2AF82D9;08FB11C7418D92863E8BC16C7847D92D
9068716D98ED59CF;F7B3CC5AA16129C724FD7D41C40A1881
909B05B03CC92247;85A8B7F7B86520D057E2A34204A9E8A5
90AE068CC3D8DCDF;B031E77F1BB4C3428296C2530B493A25
90B6549FA99A46F0;0E9D27BF65D3632F8E60B326552E2AB7
90EE6E0451EEA1D7;812C7FDE07687B8EB9EE794341A6D54E
90F9DE3D2425F666;8CD78053E74E8A853C3CD4F952AABD3B
91043ADBCDD650B1;004AB2F887DF18112E99DF5CE0FBAF23
9121572BC7C89979;F8D2C5C307AF58DDDCB18BF0029C7E63
9122C8F619325AB4;C75268EE1444AE033F232EC4C9828C58
918D6DD0C3849002;857090D926BB28AEDA4BF028CACC4BA3
91E2D164E3F333D7;A3E22CB63EB5EF8AAD63B4C2A4BF597B
91E3E2F26ABB89CC;FF3E4E3EEFCB2AC9486BF3FC14AF6EE3
929399E254952F89;762336B50CBB8CBFA6EC6FF297009640
92A16188A5A65C84;1CFAE500420568E830E4E0A3BC13A4CD
92B34DB06010C66F;2FE306D389D903B06AE908727B1AAD1C
92B4AFCF94EC4B45;7DDF2C397F47F5E6E0E2A044D2692244
92D9A1D2E285FE35;6DDFCAC0045D3BCBBC5547556F3E6CC8
930D5C6F6E3C9608;39CC7C3DE001FD276F59E8231EE7C06D
932D5934DDBA1209;7BC7E7384085598670609EB2DD0295BC
93A98F82D5B5FA3D;9A84563AC7F19E66AC4F63346D58CBBC
942A01AC4BCED29C;23415E9CB957F1EE222C3AF68D6B0B01
9432018D17FF216C;7BF79C2DC8A94F23EE38EB34B8E5CB3D
9440B38F8FC83801;F235B5292461ADD2CD58275FDABF2D91
94A50AC54EFF70E4;C2501A72654B96F86350C5A927962F7A
94B6A473489F7C30;1CEA68AC3317DA2E423803CE53F5E1A2
94D086380AF6483C;8E70773AB2F214DA5BA5DF8B64951145
94EFA8C30207B72A;A66D183B540113741442AA672E892C5A
953136E9E8342B9A;2A4585D1FB81FE0161D81C7356EE678A
953B60DFAAD53C53;0FFDE348DBBF6828103861E7C202EE03
959A8777B4C13113;FFA15AEBCE8075AAC8350ABE5C860B71
95C46077C8B0EF33;2A4CC6F74AB6D9F12511946989E60344
95D135168F0DC0B4;5180F91E1AC977BB0E806B48D870085B
95DF5AB77EC7926D;BB861586EF5C039FDBB0A69F2D264791
96CDB729EF5FF4D8;9D5CD0167DA60B4A5D5B7EB10F1F4402
96D2D944E432D395;50C25491617C6ED63DF4C1E791AE9EFA
96D55B6111ADB046;7D8B9D2B5788CF1494E1BE73A32A0AEB
970FBB13C9515123;818BE48C804ABC4A289EB8381AD7A356
973E2F6FBF929FA4;EAA9503176E781618613B29B55701B07
975F58FA72EED292;5F72E15BC770BB7DC5EDF718EA79680E
97FFEB22AB3C0F1A;D38763F8FE118DCB9A323B185976A038
9817FDE577DBFF5D;032BA82D66E8A59259DFAFFACDD68C8A
9888C222A81BBC46;38D915E6FB7DE920AB798EECCB3954F1
98BE5BA8D22B5420;F309D2D4C7F554A9BF6A8EACC2704AD2
98EA792366124269;F005941254052EA03CBF2AC13580CE61
992E6A60D4C85536;86273A80E78CA4935FF518440FFA99D6
994C40C879819D41;88A32844B22EB1E8362B728AE51F6663
9A1D108DBBBA2471;D8D671AF52B62B5977A608FA0169813A
9A2561FB8BF9198C;2E7DB753918853E1F2B93EE50C7A5A16
9A4F5BC0D2DF3E7C;275D0360E811EE2F3EB3BCCA96FA3988
9A72FD8A1A7D2BFF;A0B00197A9FB1FEC1A7AA7E209E2BEF4
9AB94BA97314F966;E90D365E83DA74E95E2BE9DE8C4422B6
9ACB561C7D2BB473;C4CC613EE3BAD73AA60F2B15E7388EE4
9B12E5AB7981542C;B6503C3AE8730D16B056E2E83608998B
9B13D8680440C4E8;55584A057550BAA384988435B75128F0
9B252A23F28488AC;93D9A6D6913B27BB9FC5210E6848CD89
9BB64D7C24F7F570;A5F527B12A7C544901301F0CC4F75AC6
9C15D331BCAE82E0;29FF52088631E337F334247992444B2A
9C955B66BC74408C;B294ACE222C70FA9D41F7D4D0EC6DB23
9CAB2F955DDC1FA5;A8094032963A9E7A00F4F6DA93689AB8
9CAE05184985E6FA;7D79CA0609B2A9F52C17B491B22FF295
9CF7DFCFCBCE4AE5;72A97A24A998E3A5500F3871F37628C0
9D00BD643AE9F153;2889BB1765E9794C2B73BEE698CEAD3F
9D0285E2570EE618;2967E38A92E89CEB523D8092FFA1129A
9D260DF2D0D65C82;E875F45A61B92821FADBB5B4339094C2
9D9827CFF0605E3B;C337AB794CB8C2BD8E47F3575F86F052
9DE3C22E44D3D817;2AD18AE66574B1784A9B52C4E45C470C
9E10A1C6E2156E96;A14F9D5B4B8E6FFC173348A81689882D
9E1E9D28090596FC;D48A361A435263C6F95CF3F358C7D0A5
9E28CC57A11EF10F;DC31E0264302DAB57AC7C8F76C008316
9E84167C7BCCAECF;BB28C74189327BEC53C1F1D90D62BDA6
9EBFB3DE31662D2A;603B30916FDE301F8618CFC7F23DECCB
9ECAA6C99C4FDB57;A52AF4C780335E2F833906719E19E17B
9FA1AA52B2BC68E7;3A48C854D57619E9233531D97CBD0D31
9FB9BE883270BF6F;C3E7958632FB1448091E8128903CD1D8
9FD609902B4B2E07;ABE0C5F9C123E6E24E7BEA43C2BF00AC
9FF618A0BFAF8D1B;878DBA05475F3ABE0545D9454AE6B488
9FFB4739859AFD85;DF30A41F5306529F326E048CE03E5638
A102B0317F0CE797;A2E2EE7935397A6DD01B15585DA45B0C
A10517C80DE7A0B6;88DB2E2C8482C9300AB526990AF16BA5
A10CE79D0A7DA33F;FC3FCE7FFF7EB09B1FEC0F2BD2D6AB07
A12860BB9EF5C647;48B4D77D4DC6FDF83748C09CFA632F38
A12A6E500B87C01C;C333EDF4726E147F52228FB8938ED238
A14B92AA6E7BD71F;196A7F2AA42A2C39495E3D28093FEAEF
A1651FBBB33533C8;AB1E3D128C6EC94E6C7E0BAB3FF96B54
A17507112F5E4225;2ABA944E9DA285CE3D77201C9161FCCD
A175A7455C9F136D;0D2E3E6E6F84AA1D9655EDD49D880E04
A1A849137C41A262;2FDFA7D1B956C443FA5F3DE6F6223FC6
A1AC4F3A8328073C;B507131122298CDF9CDB87120D6F63FB
A1F082630668B975;A0C9AB987F544DAD86735EEC3AB70CBC
A20B40678F7A032D;EA533FF49427B7120826F2449BD1840D
A2A3787CEE9A05EE;2FAA357F63C72E749B423E45A721E549
A2AD3553CA2A8DAA;62C92732DF733FDF0B7BF3F228DA68BF
A2C5E3593E566D56;5A1A36719784091C0620273B6C4EBDD7
A2D7B66E7437D238;14598DB3D09F8E69CB78E58856194817
A302CF6FD6C08CC4;2427961C0317E97212F00C83ED39C7E6
A3C1C2AB81B5982B;6913DFC5C50C90B0430CFEFE261CB5E2
A3C5F5929C0D2F3C;8E766CE5E6878FD93A5A46EA96EA10A4
A3F1C999090ADAC9;B72FEF4A01488A88FF02280AA07A92BB
A5944F374BC47CB8;B6C0BD16249361EBCD9C14527ACBC246
A594CB5B6B745D7E;E693456B73E4533A4A7C5E9468DD88DB
A5C46620253B608E;3A9CB8A07A8D0123BC9AA2B3DEF98430
A5DD83003E4B0C8D;074ECE8883887945A4661118A4FB5CD3
A649630FAA0287F0;F0A7D0C3B68AA72F191D1D00E031470F
A64BC1BB4AF8E47A;3456E666BED3FFBFEFFF86971E070B8E
A699028048AF9E72;7B9F619CF66F09CF5E1D821CB9FD9044
A6D012ADD54A30CE;22E1302EEBD998CB7F05BCAF1D8539C6
A6EB9F6E24A55DDE;57B97530D816DA71A62302782954747E
A7378D789E4F3A0E;A616C631E6DE02205CC9EB68ABCD0F3C
A7A7AE516CA485C1;31EDE13C1B1C246CE8623EC8714271DF
A7B7D1F12395040E;36AD3B31273F1EBCEE8520AAA74B12F2
A7E2CEFD0280FD3A;089089668FD4F2CA94E028CE0E8F0EAD
A8059931112097E9;805D89398952B46AE258E477618D086F
A817013C8B2C1246;672CAD7334FE4425BD3C306F368C0A13
A8176EBE5145E862;8F23943EC6B8755B67CEAF19FD3AF042
A8239D415EC5E8A9;C5CF6FA889F1D323A0D9C1699A9B7106
A8D3AEB883E56292;ECB2BEA869B78A509DABD1AE9CD57EE5
A8E1094D80B82D21;8FA8B2EE12F45ED0F2401C033B32438C
A9062D525B01C446;FBB9747940D2CEBD3169188A871349D2
A941B42D4C06BE8C;DF12BBFAC4710DC6D7C8155E3ADD5515
A9633A54C1673D21;1F8D467F5D6D411F8A548B6329A5087E
A98C7594F55C02F0;EEDB77473B721DED6204A976C9A661E7
A9CA2D9D1DF4F9EF;2C49237D7502A5966D6FF4E0EB6B3635
A9D1194D43134EE4;559B50AE19453F6C31E19515BD413976
A9FB0DE0A9FB1B09;B3D3CEA1E06724421AF5B496FCC1F6D0
AA15EAD581169812;60AA2D1CB7C29284DD636E3577AF3EFD
AA1FEE775B513CE5;BD3753533D058419DF98A5F32DD01806
AA3EB38B572073F9;E5BC7A0354B64539CA59B678703CE472
AA5922DF91A37587;3DDB8B57EB5EA0F3CCC20F46AD008EB9
AA7119519C968451;5784ACD67AADFFA5A35084C8B7974B7E
AA77EA39F36CB1FC;268AB8BE57EC13549FD898B9711BD088
AAAD5C17B34A935F;B0954F6A2914191081009349AF4443C3
AAF951FA05CC9E63;2D3415F6401B4B9CEDC50599FBE5CAE6
AB395565F5445F54;7862390662B4FA7FBB61E0496232906C
AB4684CDE50B74E7;8B02A570FA67731679D3023C48341FF2
AB5CDD3FC321831F;E1384F5B06EBBCD333695AA6FFC68318
ABA6C1AFDB427F54;2975C69DA614C3FF32EEC3FED84729DE
AC12FBB8353AB993;8D2FC909FFF24D1D9F8CA827FB0A39CB
AC2212D035CE8DAD;D71A704B1D1A615E3E067973CA8BCAA2
AC4BCD7A009478B3;78D416863E92ACC73F8B6CBDA8CA8384
AC87298FA88005D2;1A0752E95F07735E3725C5ACBBBDDCB1
AC8A4C8294501129;EC772B96952582E3945E0982BD02E115
AC9D2C15A01C3356;6FE4DBBE6F2F62FC408E2F08F3442E95
AD1178E6A6E9E3C5;AEF747A8A9F3677403BE269ED738EBAE
AD5BECE9878B5573;E7641F017C42D4EB3676A2DEC4195B90
AD889A3EAD6987D4;1E07CC46AD5BB4A82C4BD54AA055F951
ADC58189215E1C48;1FFBD3B8E62A102492DC30732116F162
ADE1845FC4E78941;F29E5FB5140BCAA0F5EE5CA6420482E0
ADF7F37877B42793;46E47CD5A84EE8077B7F908837299F91
AE131A729D826FE5;907A8820A1D7CB6AF4B58AF19F1AF2EB
AE7B131B61D264BF;366B598C270BCB01D4F5413118059C05
AE87F7BE42033760;37A9D5AFAFC70A5778438643DA8E8855
AE8C05BAA45C13FD;79C537D282B07CC4F9D8FAE3B835B4DB
AEDA78DF36CA4F2E;79F7082896D04D382389BE2A817D92DA
AF002831B8841BD3;0261CD686C04ED512A92BF32CD7B59E8
AF0DBBF226B70E60;A7BFD6400A6DC67A2287FF19E16C4B98
AF17EEB6E7B20988;22264010B402B527F46738DDF3C6AAA1
AF550B7DC65974E1;2E93884C8C46C49580FA2D4BA234919E
AF67C92D8BF3F52C;745668BF47C37A9C74781E2B4FD41E9C
AF7EF2733A0D67F2;3D2BDDE13906B0306924D69F4B11B5AA
AF8A752635FA6811;92EFC068F04D2BC9B06576E52801428D
AFEE51897035872E;F085EABC11E292D20C778B6D892ABD1E
AFFFA5791F73520A;A967F2F47E7CC005CB8D7E928478158E
B032F43502EDFA5A;4B0EF79E472D002F8E717EED75B03E69
B06C0C724B958850;45BAF9C4DACB458571356C411AE38003
B0C3BB9FEE688103;725CD938958B18EB64ADC7053219138F
B1198808FD1031FF;5C0CBE572A9517C0472B8D9312468165
B1C28B35402D0102;9084A63134EB01E46F150D4F466254D1
B1EB52A64BFAF7BF;458133AA43949A141632C4F8596DE2B0
B2319FB17EB8976B;66EDA2D7EC21E4C393C120FA6C073771
B23472311441BF43;3EE41248B99BF6A17EF963C2D6887BF5
B27314C52FDAAA8D;789FFD83439467F28C2FF4B9C623FEA0
B29BF89FFE05E732;95654A597231DFB6BEE6E2C99E1AA079
B3EFB4382ACA6F14;656A9CD02A2027016CF25DEF5DDCE842
B40840626824B049;4AD0103A50D3D89E39D8EDEC6213C048
B4439B54FBC9F45C;CB348C358D48356679C00EF6AA554275
B4582D7E642035F5;CA5B90A28C7DAEF5AC8BA26A3B7EB26F
B460372DF4AC219A;7AE4C3EC946D22D08236ECBF68403A74
B46B23A8B047E71A;5FD3B3E6FF1BEB796B13A0447C8C9ECE
B49A39C283DAE043;E4BF37C26DAE87F9CC5745162D0C9322
B4A351E0952CEC89;EDABE5B67866E3AF129C26CE41418089
B4D18C5B4405747E;8ACEE54B1E7F06F3FC2A31462C567D06
B4DF0DBAAD961AFC;4B0BEB77A86FC4F23B9AA1129E989A67
B4E37E4649E3D02B;82FE14EABBA56E3FD800F9B1941C7131
B529D91F9F2D8405;98DE84F46FFD7BE9C0047B2C9F84DC2D
B54300F86BBF6C24;0F2D970A803E28A757CFB84BEF5FB10F
B5DD503CF3C1EA64;34EDE0401561510A76AB3AF5C5E91F77
B5F6A617A8E2571D;5FB18C199604E826B6E159016FF2BDB7
B62985BE1B0E820C;7BCB7A3A7A7FE672D7BB8DAB4C3266CA
B63ACD9BF0E54820;A337610CD9DE3B4F78C0820C8411E545
B69763A42044BCFF;2354587B43915F39A27374DE9F832490
B6A018C4A121D507;92B65602B73ABB65754C374D24C7C8A5
B6D9FE6C495A02F0;3DFAA45BBCBC4BD6C0EADD02052A7E73
B7120BA878620279;6D557CF0972B83AF88484ED136D04CA5
B76729641141CB34;9849D1AA7B1FD09819C5C66283A326EC
B767FAF2790FC16C;436DD907F486DF7E0246EAFD239861E6
B7688862831C9BF5;1A9BB4CB96D4A31F4C2ADE380C6D5785
B76D3CD9FA80EF23;432FDEF370E68473CEB75BE480287149
B7A576E945348DB3;4425684B1EE3CB81CD5607CE3304472B
B7E4E59360E796A3;CAFA20AFBCB9FF50AB3FC55515B994EF
B881ACD9C433C39B;415BEC80134B91EBA7A894E8111F16ED
B8AF267E4D9C3811;45EE8598E5F16DAD3C1338A87748146B
B8E6993BFCFD00DD;5ED92765E0E4B26C55A7734EBABDD308
B8EB386790831E8F;E3B03ACD62ECB53DBCED98D9ADD32AC4
B8F711CD1BCCCB5A;068DA8495F4F870508DFAFCEFAB34F6C
B93A02C8F8F22E5C;45548C60FAB506E41A9D98A0998BE67F
B942D265609E985F;9E55CE3B3190CB1FFA3B1516B393ABEC
B993E396A54F7A04;33D312BD113859529EE8C040311F8032
BA2586D5321809C9;3708FFBCD5DE8BA11E7AE2F21088F5E0
BA390C7FE31CEFEC;C460753C6315EDD1D627E4D7753E9202
BA973B0E01DE1C2C;D83BBCB46CC438B17A48E76C4F5654A3
BABA95B848C7EF67;D1B813B6B37C837924FCF3FB676D57E5
BAE9F621B60174F1;38C3FB39B4971760B4B982FE9F095014
BAF8491F3E4554D4;6711D6E5CD9DEAB06D12C9B6BDC0769B
BB56A0BAE42B0A58;36F657C62716EA72EB46446CD36EF081
BB71744F61B72FB2;06EADA2AB321CC665A88318FB8B5C7E9
BBC9FAFBFB8A476E;DF8F456CE6F42B8329D6AB75445E9347
BBCA1A76866ECD80;44F1DEA9E84697287A79C00C82BBDDF8
BCB25F904F7C04BD;EBFA39498E6A4647DAC697F5EB674450
BD6705918780C48B;9037F52D0070306E98D51388329C84FF
BDACC3911D8903C9;0A0E703B1CEDAF73EA52DE64BCA37878
BDE676123BBB010A;9A6826B6352BF447C5526F3D80B2A42A
BE0366EE9D616510;C5B97F737DECE520EE072B25ED577DE5
BE78B15D2D2FFC28;18635EA1EA0D52A804345D742E47E7FF
BE957DD617997F12;45BFA91A045BDF791584E9BE251439A9
BEAF567CC45362F0;8BD3ED792405D9EE742BF6AFA944578A
BED20D9F3B962BAC;A7C389949417CBF41383D737D63ED9C3
BEEF60681188367B;9BDE444F4F92E70E838CF08460058205
BF0DA6AAE66E25A0;FB2DEA41D600F395B41F1D219C2FDE4D
BF2023EF4FA6AC85;252798854F1AEE0849D216F562A14103
BF26C727BFC92EAF;5ED502EEFB921A27C1836A8E5E4A1592
BF3734B1DCB04696;48946123050B00A7EFB1C029EE6CC438
BF55799BCED275A8;0192C8E92C0CA6960012A46BE197BAFF
BF582E760B72B7EE;EE2B3A4C0F806B0548D5A82A27CAE5BE
BF62E61F4D0C7FAE;921D2A0A067BF640DC9733F1DDD5B09F
BF6980D9426E95AB;577B63A0E4B7F20E71B107CBC1CAC4E5
BF7BD18E5A4AFAA7;DB883EEFE5EB08A15944101252E00FFC
BF874CF500A50632;87B95BE09CEE36DC91430470952EF326
BF87DE9EFBA3E7E7;2A2C1E9ACA4FCD01F8F6406676706379
BF8E2C48933ABD84;0B24982607FD50E804E2CF6E5D064B14
BFEDA19098AD0034;A3C93F146FA040CB5EA59A81C67F23A4
C050FA06BB0538F6;C552F5D0B72231502D2547314E6015F7
C0DF4D8A59FED3A2;4A623DD66316BDE9EC76953C855ECA35
C0EEF0FE1DA7D03A;B5944B506A4212EB3A22FB6C5E6D63E5
C132034A5F2F7E10;273BA2005D7CDEDDB1675C8C0F741B7A
C16DD12F226F36A6;AC6FE83D8CD56396AC0BC1F84C0FFABF
C16F60A6BAD360C0;BB8EF03932AC38C6CE11FE6796EBBDEC
C18AFAC45941CFDE;F8AE6733524B780FC26FA9DFD0BC14BF
C1E5D7408A7D4484;A7D88E52749FA5459D644523F8359651
C25CF4DD9AF1A3B3;E8FB3EFACF02CD0278DB9F9737846A7D
C26D416607852942;6A8895646929BB377CD10B51BE1CCF6C
C28D14E24F152603;48A818A1130E7C5A3BE1E30670D1D70A
C2BCD68E7A2AE4AF;894811508B28E90BFAB0284DA23EE506
C312DAF915B31117;DAB0066B4F8CD079548CE752884E1949
C31AA617E747A8FA;C255031BFBD71AAA8B7D63E1D12C734A
C49525ADA953A03A;C88C8BDE6B969ADDFD76B1348146276C
C49F6CA5F12C715E;9FBCEB348D221AFD8667E40D9E2DBA75
C4A8D364D23793F7;D1AC20FD14957FABC27196E9F6E7024A
C4C64A5EE57D0AC2;665C1EAD15DB7FA4DA148BD792B1D817
C530D9C5CDCE9E74;3336DAE9284C15675978F88F271BAE6E
C54D2080154B6A43;671C370579579CB7FC8E050275F57FD1
C55919648C85131D;8A2CD3487EE2629DCD1BE009F9E84533
C63783776C5D6A24;EED6A1522D518F77BD320BE6A64746D6
C63B911BD06869D3;CB82D15611A096AAD6B2D9488A87939A
C65443D5AB354639;A9857255BB6E5A75FA9AFEC8DAC2B07A
C6B5EB26982A8DAA;9BF3958133D21EBA85202BF705B594B5
C6F2CE9E2AAD1810;7ADD1865918138A709D9436ECC861A39
C7BBC169561BD084;25D71BCD6111B33B3F5019983B68355D
C7FF07D8BBC35F21;6B82832FCF1316A201EA7D496BB4779E
C8167C2D20426AD8;F4F77B2CA836A4F9BE53616EC62D6184
C8303834EED2A656;2DFC89C27778AF3083E93F099ECC8B8D
C8389674EDBA859D;34FFFD2A8E8D4C5C2ED095AAD6390108
C8485D3E828B9E35;409FE7454CAD92C56E0464093C9BEA23
C8753773ADF1174C;1E0E37D42EE5CE5E8067F0394B0905F2
C88BB3653C3C964F;7B61CA6E9C9829F2F452D21737D9D723
C8EB4990EEF746F1;5DCCD5DEA05AB97BEDDB0AB508A47CC1
C9209933ED2B4736;E50CA695035AFECFFFCEC8997C724D49
C920DE96D61006A1;1FBEA7A4ECA0627049991AB2B1AAD7FE
C926C2CBE0DFF9BE;9D294737AB13C36B02EC0E0B77657B13
C997FEBC0FE678B0;E7DD72E78A2DF477F62BFE400ABA7708
C99EC03B56447328;34FA60570CDDB0B517080858B68489D4
C9A159E7B047AE82;E43C3549E60EB12C49F9E9573861A5E0
C9BB609F2EF41BC9;C7AC31DC0B28CDD1CCE9F35D43C2B792
C9F63551DC0A7DD3;AAD6E9B571971E0AE92122E9772896DC
C9FDAB91F9DABA18;025DF39D8BF632E68B0A4E74C1442A24
CA010618E2FACD48;502AF6CDDEE0FCF46377F177DCA80A3D
CA0EBAAA0079F2EF;980FCE06A04E370A7970139C9F23038D
CA1F18732745CAEE;8B8A5F417D8FBA35BDFBC3E4B2E28289
CA3E9C7297F268E9;59FC76003A277C791EBE887CAA75F6D2
CA6766CDE1BB4052;3A0D8B514CCDC3F8C0EBCCDA48176B4D
CA9C5B912FFBCAC7;AFEEA5F164C40CF38498D8BC5A0C6B8F
CB4D2A3F81E1794E;120C6B4A2541B5A979810C35388C56F1
CB5AC338262C68F3;D9F4B1AAE52D35E50E9E0D0C7BF6A4C6
CB5E3C182DE1992E;F2E68218EFA24A7669EBE88131417072
CB70D13214C31C46;5D7180E0F3CAE2ECE58EDD335EC8DE69
CB72DEDDAEED0A58;58022723E24956137E51F14EB0842081
CBBACF102B89411F;E04C717715B00611AC7EA97D0B45AA0C
CBCDC9CB1E761C3B;A2CEAB68599199D496BCC9F760553F77
CC097DB385B221EF;46F1E8033A316AB1D108BBA4DDFAFB48
CC3A22205EF24642;B5762FC87E20E252F80E02167E8747B1
CC471F468F2021A3;628BD9B8D46DB1C46C4B09AF605594FE
CC76B18B4B480B3F;12265C122B56D35AD00D564244A97AC0
CC87966DD8F1316C;7DA4B9F2EE3F74B1905DDA648E729F82
CC8B0B68CE910519;CD4C1305215E23224AF66A221242EC5E
CCA5B7CA5061A3E0;B7D72FB22713C6405682B2E3DFB3CA7F
CE1CCEA3517E6D03;06E5D1DC649422035511CDB3B9A445A5
CE2C8016A548751F;6EA479095607550B9BE4ED0683EA04B6
CE338BF659CBF896;6E3F48B5355B57191B3B27472EBB79CC
CE8E3F3FC3247DAC;A97BDDF265166C788BAF72142B7349FE
CF18B77BC7D17ACE;A8949BCBEDD6503A20E574A153991299
CF436847F94E25AB;A39FBFC3252E2845E5E175928A94A5E9
CF5F538EF0A4B18C;C24B1276D07152B656DC72CBB57848D8
CF72FD04608D36ED;A0A889976D02FA8D00F7AF0017AD721F
CFB95E7A9560DE1E;EDC44B82BE2BB5EC69E76AD985385170
D0C5486A7AD05CF9;5484BE9CB37DE95112A18B6052C5A7E5
D0C8C5771343FF5B;B3B6C02F2F6A1DCDB5FA376536D5FAA5
D12A84260172D481;A2D49D4382462159E35C5BC083508559
D134F430A45C1CF2;543DA784D4BD2428CFB5EBFEBA762A90
D19DCF7ACA8D96D6;520421C1070D930C045516D231C9D442
D1A403C481D20A97;5AA6C2DEE05A1929939BD21966AAF1B6
D1E9B5EDF9283668;8E4A2579894E38B4AB9058BA5C7328EE
D245B671DD78648C;19DCB4D45A658B54351DB7DDC81DE79E
D2792F6D11FF41A6;5134F2EBF50952DAD17322F19A422D99
D3299B6E76A679D1;C58D1714FFAE765B647A51EF73FBFD6F
D362C01C25B71B50;08FB22F6A9522A48CA2479CDED66A175
D3AF1E06905C48EC;43CE56797E53644D8CC199B9B2AE7C7E
D3B2C177BF7168E7;8B1359375B6B8E1494B3542DF2A5A686
D3CD986A5533AE96;56708F3077B7248810C7B87EDACF25C2
D3FC4A06AFB23215;5E8A412E96FF61A77866656241FEBCC4
D40842335553B58E;81A1825FDADB2D791BEA42E264305014
D41197ECEE40C1F6;B80AD299C5D706722A1EC4598A633D62
D43BA6BB164DFC00;26D535561953E21E1A6A1B4B262A5038
D4420F11B821D249;168F4E5C20B371418384F37C52047A22
D479375007DC5D1D;1233409F7443E350F66601CC408F19F7
D48EDC8A38BC9FD2;91767EFDB9489C2863767B7434B6D186
D58ECC16A8CE57D0;E1E52CBAB9B7FB3F39127239E447D763
D5FCAB46C9B47925;18CFB468D0B687A168D813FE3A9C0C1D
D613ACCC3BF3E374;5C624BE15C99A6E5262DBA6BE9875A5E
D628DFD6FD4C4629;300F6198F8D34F718111615213314E07
D6AF99EF4CD8B241;0DE668AFAD9EB25C53DF47AC62BB52C7
D6AFA332D40DF782;FDB5566BC02F1838EF526C6BD2E1FA19
D6EE41C63F2DC252;90FE1C856FA182E3C89362F22A9447A0
D78EDEF05E00AEC2;8914F73B6C6EB651A59C8993D99614E3
D7D3C6DA011E7530;786D8FD4D5F8C52C55EE108E46EF157E
D8105E733C372173;C4C22D88DAB4CA70377D77CAE0FD6066
D843A7FFCE96C7AE;08F1DE2D96EB999C89A1D4E3BD22343D
D85F337F3B6233B1;3292D97FE6545DEE1DA62BDB02847011
D8EDA6A4C2799AFC;82D97B8F986AF15766C89F611C146888
D905FE110321C34F;91ED46C1DDC77520B4927AD44916E238
D954CA40BE460205;CE7D6F37A73EA5F8BA4ADAEE75446366
D9809F202FAFA282;FE64BC98ABB5854288345F648AD19E64
DA62BE5E4547B0C9;8D47FDE7AD2DB512BCA6F93005A98DE5
DA8D581E6D26A788;3F1B77EC7AA76CCB8DA00F9DC7EAA5EF
DA8E9EE7C570EBC0;51C27ACF0CC2A8A28834839AE467A4C6
DA8F2D53788802C8;32CAC21B33626526960C83EDCA323D38
DADF51080A0F6DE9;85259B997F16DD05113161EFD374F7A7
DB37969AE172E0A2;E071BFF3317D6FCC6112E8CBF04B9E84
DB403CFF106868D3;EA7ACD3EBF1F57CFD732C867B34B13DB
DB67AC7CFFFC3D84;9CBC309CFB43CDCCC7D46C65F7242737
DB96D0EEB081C299;4F6DEC0EBDC1D24634AAE5984DC81073
DBC61C0C3B30D651;A52BB20EEF6A61F412F0DD66AAF74902
DBD4F370AE374627;0D7808F629BE2E0BE280731F9CCD51AE
DBEA9BAD7A6DF205;95C04B178F5B59D0A83B3A122D7E4A09
DC49ACF975AA5DF9;695CFEEB74DBBF0A95192BD3F66647AF
DC5545C94F5353A9;05160AE9A8B8E28B8E5CA904211586DC
DC692CF534CF6094;A641D332CE02CF1471429FA35B9CC22A
DC9FE60ECAD636F6;AC2CC23FF521863420AD858B70C81CDC
DCD093D0A9303F25;806A893261B1765417351EEC508B7504
DD3C7861CBE52544;295093E56A08332A317508ECA5120EB2
DD3CC9AE007785E3;8D0262CA317AFF47A8B14DCED7E00AB4
DD90EA5E6940A619;C01D549378E234EE9D9DF7CA8B07785B
DDB762AAB069971C;D28DE913B63346E101650E517103ED8B
DDD295C82E60DB3C;3429CC5927D1629765974FD9AFAB7580
DE2CBDA65949859B;B592F19315BC0F5B0F7D0527B564D661
DE2FD440A0F2C52B;EEF013B7B1B1634E18BAEE220F1706E1
DE7D8C810DEBCCBB;39BD23F7BA2973CF5736E8A4D137A259
DF31008749207AEA;EE45CFCA400A7A3B3D5621184558FF0A
DF5B43F24AFEBA5F;437DF0EFE784DDE215B84E5443671638
DFA1426B0CC236AE;B2551A5E4ED3344FB38DDF8F2A63F14A
DFAB5841B87802B5;F37E96ED8A1F8D852F075DDE37C71327
DFB37ECD0497C78A;F50EF1BBA41CC8FAB76278C19A4572D6
DFC54614D1BF9F4A;B1EDBB130852C0A04EA6278810810203
DFDBE74EFD0C1D9A;80A6405DCA4ADB5804DFF39E25AA6AF0
DFF0C75714E29294;2E13734A402A612763AB87FF1562C9FC
E038DB9999218575;3B4662DA3A22435E577DE2B332A29419
E049857635DF89AF;69563106FD201B788C6C853DF24F5876
E07E107F1390A3DF;290D27B0E871F8C5B14A14E514D0F0D9
E0F7DA49E4498AE7;9F9829079A41C6280CDF258276100D4A
E126ABE0143D4040;38575B255C060B9B940FAC64A9077D63
E186FB75B0C94A7C;9F7B27C6D84C8059EFD881560C84FBF2
E19B76F86469FC37;0F2EF2D6AA1AF93EBDFEBDD08230FACE
E1B506854B1F10E4;DCBC22016A43AFB07CB94067D363EC1E
E1C361236469738E;1F186CE9CE676EED9CB3CEC91031C825
E1E66762F87AD761;2602DC16EDB857F3CFDB78EAD0BCFFBE
E23A0EA64170A170;8B90557658D61A1E017CE5A2EC0A54C1
E24A4BBDE0C12867;D73E249EDF1B76E2758C7552F02ECD71
E26933D3B03457B8;E4E9793A4B0FFA09C69A2FB3C486E45C
E2854509C471C554;433265F0CDEB2F4E65C0EE7008714D9E
E2AF5A31A6BB8A53;FF391546D7560EAEC32C6A945E87F796
E2D4CD545D19C5B3;5F4DC66517B526CF4818DDDA50AED62A
E2F6BD41298A2AB9;C5DC1BB43B8CF3F085D6986826B928EC
E321D1E0F5FD72D1;397AB976C9FF037837F92600BE754C63
E3C4086EE5E6AA7A;D14547EEB9A9CC5AB18468A9B49BEF5E
E459FA3BC4A8D9E0;A2CF2ED4FEAD21C738B4BDF99D2F3569
E45A2267A01AED9D;411E24568CCFF642A7DBA0D2788F4936
E46276EB9E1A9854;CCCA36E302F9459B1D60526A31BE77C8
E49E6F7BC949B125;B50DE908AAA0D11DA95823CC75EAC7B7
E4ADBE67D3901EF8;3D30521E4B5EC06AA7DC1167580E0659
E4DC41F57ADB52F0;6CD0ADE2B035BC1C3B228BD146674D41
E50F70F06A579FCC;E2B1538D2C14AD00C9F2B1FE56C1F0D2
E517DC6D63012466;A081FEF4AF40B8BAB0674DFD6ED13610
E547DBC8AC63C5EA;3EBD440BF0FACB51AE649F559571D420
E547FA52B292D389;905EC259E7923145EC85C51EB525B070
E5F311B3EED5F1D6;94558D072CDB6D115D2E0A1DCEEF6888
E60F3EB9C88FDBB1;3E7B04FF491E57F64E39F5E63EDBE269
E639EC40F84C4EEE;3931DBE0AA0B446E36C11FD07104653D
E6BEEAD02303EFA1;7DFEB5C73A59F0C388242165B9311B2D
E6DE529515D5322E;1D58846A1C871BA08C2ECD7B32FACA41
E6F58B08B45D7A12;18F34DA5A691F6AAF1F9A705B656E01F
E7357F7B88B8338D;9BAC5D219CE71984CBD6BE98E72AB83C
E7E08301A22758C5;9BE1AFF88E8DAFFAEE39670F15ED4686
E81D618E79820CB3;9E959E95901C88F9538EE5EC7EE7B297
E82BED6670AAA2DE;A196B2A879CFD8BF2E7CCD2D7F5EE666
E849350A855F3576;1B75728FC66DB54110AC0DD3CCDC9CE7
E86F4CD36DD89BEB;0341CF209B509CD854F91F12A2F4A1BB
E8CB6CF769868C85;90EA0EADD09F613A272C657DF8A0C5A6
E8F494F7E371D157;4E2CDAA418440348E439995D64284B73
E90165BCA76A26D4;D52DE7A0E0CE9F5673C8064520EA4A83
E9238384E400BF55;2E87BDBA4E70C5846DF06413C0CFBD44
E96B011546321DB2;98903D363F122680D4421F2E3E58E4FD
E96F0028AF9BC3C4;67F70B950D458459DAF3CEAA0DADBC1C
E995E22AF7111D57;33E8D63DF4A8CE36D188EC072209D184
E9B8B3CE069E42BD;F5CCFF4D66356B44D777F3532B8442EB
E9C84B3E2BAFF81B;75CFE8BD77CAE35AF49EACA4BB6FD2E4
E9E5D8CC900BF255;E1D37F583F16FDFE8AB366D39CCFB764
E9F8686EC4D2DAD4;72B53E9FA5D2D1FB6FE2BF3C3CBB9683
EA162A312AF3957F;90D86248961B9887C448366EE09D6493
EA3F5D3B0103289B;11631B311CA0250A2E7AB23A2F7855D6
EA652523E8BBF2DD;98DDFA1F48AD1F56525D65BAD3EC94D1
EA658E2BF788B7BB;88927535390D425E9B44BAAC8CD8A4B8
EA79ACCF53F66FDC;04FB09C17FCFA584B778D7633A8E13FF
EA9589F00A338035;ECCB9CA57CA030339B2DBA745B5C149B
EAC344DACB040496;5122D6181F79719A817BBF84A2B57BA1
EAC6D3D60D5C91AC;5100B0EB5B1E672B6073A44555127574
EAF55AD6199B6C7E;45BD828147E7F15292B2003AF052C504
EAF75DB8E95F7193;FFA6CFBC59CE48FA7B9A68A0D9E7621A
EB5B9AA992D0582B;3AC4A80F38663FB3ADEB1CE55ED3C14D
EB5BF00331E1E2B7;89B1641A5B7F70CF8D8F23CED0EB2D48
EB601BEF44569650;57505240F62BA115697FC963364B1127
EB746EC6DD39649F;0DE333D049D6C35AFBF048448721FD55
EB824892D843D365;394FCE26766805A76814B25B4B72B4D8
EB932C40B73B047F;5862B93E0B7706F92D2B29C573A61DED
EBD1D439C941A9A6;E1B85E33A184FF028D72D5B8A6C632B3
EBD7E8542B6D149F;87F259B2464734EF133607E409665D22
EBD97E85163F5ADE;45B130832E771BC870F9A11B389DC7AB
EBED039C0A664F0A;36E0C73BE781736AC0C41180D32AADAE
EC41469FED6A1B7E;4DA89208C555E5D03DC14D8346BFD79E
EC434CD731FF1D6E;84C43B20A6336682B5AA1D7CFA00DAE3
EC860E61B12CE763;2043275F264916670ACE8501DB619ABD
EC92087E04933F9D;8A402188EBC046D8E804F8FF776A21B2
EC9BA985ACAA89B3;904D37374D0EAAA0636E482F020BA3A3
EC9C1313FAB8CBCA;1A820CC1473A192BF50D4BDC0E63BED6
ECA17379EB2DEB7A;E8B7DF42382107B17D2E8B71F35F9F1D
ECADB946F0D680A6;21E5ABF1E22C4E5F5B1CB8AB22A612EE
ECDF9B7EFF7389BB;52A044666C296FD70226627606BE5E02
ED0304F36DCB654C;A9E457622F69B9354600E179F17E2F71
ED4548400C6CD9B3;DDAE538A39591611BF1D2EEE9734F8DD
ED57AA73350FB02B;C3A4BC9DE275B41C4DD0C1984BFB6369
ED85FA32ABE4D31A;C935BBCB2470F297EA61F8669DE73810
EDA7DADB481807B3;9577D450CE752F57F1F2C55D50EB5163
EDB14BC9682C3EC7;07632AA373D508D99481646EF52C6F21
EE01F8AE10827F3A;C64D11BCA580369AF27D85BD74112B3C
EE121D1DD237651B;CB3D349F14155CBFBE9E0AFF5D31B09B
EE6FA80F66F3821D;3418BDA31113F1974B66DBC6B0FC2EFE
EE9D995B412DE337;DCFEC014DE685DC9147907A198A7C759
EEBD6DC83889EB04;5A486FA18AF174ACD631350CC7F29CE6
EEC48100FA665A33;BB5F19CCF5DB77B72AF39D66E8B8022F
EED913AF96261301;4F4DFBAC3A5FDCA1351974309B16B6E2
EEE34269E2177D70;0DB172988839B9CE94EDB6EBB211A972
EEE6BF28AA3E3E10;34456A3FFD57B5B82B1BB763E448863F
EF0CA00C53E657A7;8D730399F4FF0CD536F4B4A61E6CB8F6
EF734C19420CCD0D;98E1D50419CE6252836614833FCA2F85
EFA264DC0D0E1D26;4AE2514000E2E2532FE89237D8B98D72
EFA737A315DC0BC4;4E760E75C128A53F532DC6632E58688D
EFD8CF7039C9E3AB;6BA71AEC7CF7ED83E7D47A47E1AA9758
EFF36C5D384458AD;9F0B120C9D86B59B2C8B5EB06CE033C2
F04A66C97B048912;2EA790434F46EE9A3CABDAC9CED332D4
F04AF4C9E8BD1063;62DB7369779660E4AC83B1AF77CD860A
F04FCE802A9DBF83;98573B57880EBEC24DE6377B2B25574B
F062B22566C34556;7B5735CBCF8081ABA899475427BB08B0
F0C135866D740895;44ADC9ACBED50F490AD8D5EEA813DB69
F0C5C6DDF0654DAB;8FF31ED98194B6BE20BC58137B8B045B
F12B3A8F40340331;A1582AA981D3486E45F42825B92FF685
F1D304C8BE7B9F3C;0579AA2CEA43D6E04253B5CCF4441F89
F23A1CA715CAEDF1;56754B20E34ACB9439E42A2DADC8D003
F24FD762E8406743;5244D93F5C3C55CC716918ADEA4BEB38
F2872D65BA032D08;E8B663E3E46AD23438D5AE6E48AAAD5B
F2CE7EA906E634F4;01D9FC0E196A43167489B27E8CE5B4B7
F2D3C01EB00FE235;1121F9387A924414758D3DA42C8D013E
F30D90EF8B6AB191;8290CDF26C1E01FB44FF6B46EDB04F4D
F399E2091BB4EB3D;C38C680159E63F0365FF10C6B48CF6BC
F3D0B5833E28D8F0;51636824BC6B2E33C0DD4BCBB2CA7DE8
F3DC94A249B6F5FA;DFFF211A758DA15AA1C2555BFAABA4A6
F43953FDF6D54F1A;BBD9757698B539B30542A990EA0FB13B
F439F86505AD49A9;AFD59ED72918316D1BE00F8C2352AE64
F46AA4A6DD0ABF43;F517C5E8D2D2FD50FCB1F99E0E7CA708
F470434C5E2D80F6;4C6B35283AD4DA252DD8D8FEE94DCEBC
F493B5E84403A340;D9F9D2F52CE62E5DEFC07C08C9875A82
F4941ADAEFD62B50;4E37CC48F51E3B5F73CCD7419091E3B6
F49B4B08B3A4F622;3450D7F51F38830C3949C4FA7EC1E834
F4A0D7C6BE16E9E6;B96B074E60BB6B0C3FFD1FBC8777367C
F4E09696D1DC56C5;6F97DC4ED0FCFF498DD2585A9B7AD821
F56ED8125107B350;F0B11F1CBAA4D02331DC1C01C9CE3AB9
F5A82F51836837F5;BD85A82106D23493F78DA938A7878DE7
F5BC79A1093D4297;E1180A55A67B29ACDA9B6A3A704C9027
F5EAEA13EA39CBAA;B651A55962DA428EDFD9CFA35E28286C
F5FFD1213BB47CF5;8AC5FC8B1B4A8BBB50975E881AC428BC
F631F4E9FF9118B7;75FE5EFEE91F65D968398D1A2BFCAA07
F64FE01C94AE7612;3A4F47BD41411344E824F9F1FECFA218
F65104CCE3972C55;9821B574A524370C2AACB2D51075C7EB
F66B042F485F525C;A60A529508CDCDB924D010FA47FA33B4
F67AA9460B5C8419;9EC3BFC573E9FBDD8EE13874721D976E
F6F6335EF54DA4CD;30B39F8D479580469232744FF35F2A05
F74763D8FE43BDB5;F2066E84AA173031CDA68BA3AC067B99
F785977C76DE9C77;7F3C1951F5283A18C1C6D45B6867B51A
F7AE0CD809C307B7;A01779466392DB0F08E2DDE44DAA8565
F7F5D22A4AC4C0BA;F05CF7020E391CDBA1DBC60BF23C90DD
F80395DD319705ED;AF8CEA22F7C35F951087619F257F492F
F848A6DEEF76E67C;92AC1888EC852C9E0CEA37476B328773
F88AEDAC3D23E71D;5EDC56D0CE4C6A4080716607B811F9DA
F88CD79C16ED40C1;ED5BC5BF5D1ED169519F859F4CEBABA9
F89F224752A95FA6;C696997ED9D1382DBCD4BB2E146489E8
F8C30F33E2DB6D90;A0EDEC8CFB2FC1E64114A4614946C2C6
F8D1DDC2C0B43AC9;40FAF710B1488DE60FCA40D4C69A4CEA
F8DC6F5229F01AD9;08D434CC0C8E41CB38217C0126EEB136
F8E695787EC95231;1101068BE14611A8CD01905E4FB40315
F9B971BF3BAE0F5F;416A38035BADD4C27A14F1E874B10FFC
FA22B0B210893852;6863CCDF1FA6B1A625DC86AF1CBF99B3
FA4460A1107A5431;022AB0DDEEAE8B81A538EFE32D6AD58D
FA4E5017A7FFEE03;000C93D6B4EFA781122F0BCDDABFB5FB
FA505078126ACB3E;BDC51862ABED79B2DE48C8E7E66C6200
FA54F389EBE5F9DE;36E20B7763E4EDB5156DB4EC65053507
FA6C85CFB99D0738;41FA486B2FEB68FB9664D422AAF17138
FAB41D2BDBDEE379;7E5E4D6CBD5F2F5E61E6B4F68F5BFF8B
FAC7C607D4D44CDC;383AAB78FC8E0B54124F8A977AE3B744
FAE3CFA874156F3F;90D1F33B2759F0145FACBDE3A718D0B1
FAF9237E1186CF66;AE787840041E9B4198F479714DAD562C
FB0A2596A57DFB85;85F64B1D452BD03661C8D7ABECB65C4E
FB1CB60D252AE6E5;67A39B2C75F97747A45188AC47921C9B
FB39CE58915F13AC;5A698F7DFD436BB91C2D8FB2094D78B7
FB5108F92467E031;F558211385E8933DF5CE0C27DE484FF2
FB725D13463C9AB3;D97378CA10733E154888041CCA25516B
FB875FC05BB133B4;657666C46C5C1897080049995A25BD83
FB90D71D100E9595;B7A76E35337511B4A26EE9BE0ECAD3D0
FB9257B8E9A830B0;9D7DAB0F22F9AFD6885F28AFC4F228EF
FC3ABB54B1D35CF1;785FD3ADFCFF5749A1BCF83ED7065DE9
FC6F20EE98D208F6;57790E48D35500E70DF812594F507BE7
FC88852490721AF5;23C285DF174F3C4AA9F98FEE82695FDE
FCF34A9B05AE7E6A;E7C2C8F77E30AC240F39EC23971296E5
FD06442092131C5E;3E55E147B653B5F9E68EAB44908FBDC1
FD0BA919048A69AA;66E475F46026B091ADD4A3E1BC619691
FD3E5CF9F145707C;55BA3C8677C21732B781098F75223753
FD402B239B0FA2D2;E7B41D63B7737553DF45C5FFD6F84518
FDC0CD0E7BD9FDD3;ABA7563615C78AB59109A33BB5C8F78E
FE03F9AD73B75E9F;837D28C690570AEBF1E28445B481DE89
FE364BECCA0BE7A3;87DE3C61B1BD440C22D7AA264E558BB5
FE460535C2CDE679;DBFF54A897A7000DBC5FD1591154DE9F
FEA59F63393B8EF0;159A8CD0FB8432AF18EA449B5B6CA283
FEDFDD48DB99DE18;7A65EECB3B8AFF78B313BAD561FD29F7
FEDFF2495DC23ABB;AA673848E7E9EC027EC79CF64C7144BD
FEE07F9A0D7B7FE7;2C3B26218D84E58E1CAEAE259F308135
FF08D3B90FB93B8C;D4279722FB8BDD2AA8B3A4C74EFD44CA
FF60BE397F100628;6E6E29855E0A7765E08C6832CA6E0A63
FF64A6D5A478586D;AEAF601AB48CEE8C415CB6F0ACA292FA
FF6784BB896FAC9E;F6120C4EB845383A4700E6BE55A5BB09
FF7C9A1B789D0D42;A9EC27533B7D9DB1E239EC688BA653F4
FF813F7D062AC0BC;AA0B5C77F088CCC2D39049BD267F066D
FF9670479ED9A366;42B3FA9540A0E183AF38D4A70DFA0FE7
FFB9469FF16E6BF8;D514BD1909A9E5DC8703F4B8BB1DFD9A
