68,3167,7,스톰윈드 근위병
277,1433,7,로베르토 퍼플리버보스
279,5082,7,모건 페슬
356,207,1,검은색 늑대
358,247,1,회갈색 늑대
417,850,3,지옥사냥개
482,3246,7,엘링 트리아스
483,5546,7,일레인 트리아스
510,525,4,물의 정령
639,2029,7,에드윈 밴클리프
721,328,8,토끼
883,347,8,사슴
1115,726,7,바위턱 망치잡이
1117,6530,7,바위턱 뼈다귀싸움꾼
1257,1431,7,켈드릭 바우처
1275,1444,7,키라 바우처
1285,1434,7,투르만 멀비
1286,1440,7,에드나 멀비
1287,1448,7,마르다 웰러
1289,1429,7,군터 웰러
1291,1439,7,칼라 그랑거
1294,1423,7,알드릭 무어
1295,1445,7,라라 무어
1297,1446,7,리나 스토버
1298,1427,7,프레더릭 스토버
1299,1447,7,리즈베스 슈나이더
1301,1443,7,줄리아 갈리나
1302,1425,7,버나드 검프
1303,1441,7,펠리시아 검프
1366,338,7,아담
1367,221,7,빌리
1402,1438,7,토퍼 맥나브
1412,134,8,다람쥐
1420,901,8,두꺼비
1427,5551,7,할란 바글리
1428,5552,7,레마 슈나이더
1431,5545,7,수제타 갈리나
1432,5074,7,레나토 갈리나
1477,1509,7,크리스토프 패럴
1478,1519,7,애디스 브롬
1853,11070,7,암흑스승 간들링
1976,3167,7,스톰윈드 순찰병
2050,4011,7,랠리 앤드리언
2267,11035,7,언덕마루 소작농
2308,1585,7,앤드류 브로넬
2330,1471,7,칼리 채디스
2331,252,7,페이지 채디스
2334,11686,10,이벤트 생성기 001
2455,1450,7,올리비아 번사이드
2456,1436,7,뉴튼 번사이드
2457,1437,7,존 번사이드
2458,2645,7,란돌프 몬테규
2459,2641,7,모티머 몬테규
2532,252,7,크리스티
2533,262,7,패트릭
2671,7937,12,기계 다람쥐
2748,5988,5,아카에다스
2914,1206,8,뱀
3099,381,1,사나운 점박이멧돼지
3115,6815,7,먼지바람 하피
3122,1960,1,붉은발톱랩터
3126,2487,1,등껍질전갈
3300,1986,8,살무사
3504,338,7,길
3505,257,7,줄리
3507,252,7,알렉시스
3508,251,7,혁이
3509,338,7,구스
3510,221,7,아티
3511,262,7,주노
3512,251,7,백이
3513,1526,7,다나
3518,1541,7,토마스 밀러
3520,1544,7,늙은 엠마
3654,4088,7,걸신들린 무타누스
3784,2024,4,그늘덤불 껍질늪괴물
3810,982,1,덩치 큰 잿빛 골짜기 곰
3817,1991,1,검은뿔순록
3820,336,1,찔레가시 독거미
3824,1207,1,긴울음 유령발늑대
3825,776,1,우두머리 유령발늑대
3975,2041,7,헤로드
3976,2042,7,붉은십자군 사령관 모그레인
3977,2043,7,종교재판관 화이트메인
4075,1141,8,쥐
4076,2177,8,바퀴
4271,2327,1,광포한 늑대
4272,2328,1,갈색 늑대
4275,2353,7,대마법사 아루갈
4278,37287,6,사령관 스프링베일
4421,31042,7,서슬깃 차를가
4543,11396,6,혈법사 탈노스
4549,2655,7,윌리엄 몬테규
4550,3942,6,오필리아 몬테규
4551,2638,7,마이클 가레트
4552,2662,7,유니스 버치
4553,2647,7,로널드 버치
4554,2674,7,타우니 그리제트
4555,2660,7,엘리노르 러스크
4556,2629,7,고든 웬드햄
4557,2636,7,루이 워렌
4558,2666,7,라우렌 뉴콤브
4559,2653,7,티모시 웰던
4560,2654,7,월터 엘링슨
4561,2622,7,다니엘 바틀릿
4562,2652,7,토마스 모던
4570,2673,7,시드니 업톤
4571,2640,7,몰리 베이츠
4576,2634,7,조셉 그레고리안
4577,2671,7,밀리 그레고리안
4580,2668,7,루킬리 캐슬턴
4596,2632,7,제임스 반 브런트
4597,2649,7,사무엘 반 브런트
4598,2617,7,브롬 킬리안
4599,2672,7,사라 킬리안
4600,2628,7,지오프리 하트웰
4601,2627,7,프란시스 엘리엇
4602,2616,7,베니자 페너
4603,2643,7,니콜라스 애드우드
4605,2615,7,바실 프라이
4613,2621,7,크리스토퍼 드라쿨
4775,2811,7,펠리시아 도안
4829,2837,1,아쿠마이
4953,1986,8,늪살무사
4974,2974,7,앨드윈 래프린
4981,5547,7,벤 트리아스
5052,2998,7,에드워드 레밍턴
5190,3130,7,메릴 플레전스
5193,3133,7,레베카 래플린
5624,10699,6,언더시티 수호병
5651,6228,7,패트릭 가레트
5668,4004,7,매티 알레드
5669,4010,7,헬레나 아트우드
5670,4005,7,에드릭 킬리안
5674,3020,9,훈련용 표적
5700,4057,7,사만다 셰클톤
5701,4058,7,셀리나 피크만
5706,4063,7,다비트 힉슨
5707,4064,7,레지날드 그림스포드
5709,7806,2,에라니쿠스의 사령
5731,4108,7,연금술사 발리아
5732,4109,7,연금술사 카트리나
5747,4123,7,헵지바 세지윅
5754,4150,7,잔 브래드포드
5819,4378,7,마릴레 트레메인
5821,4381,7,셸돈 본 크로이
5951,1560,8,산토끼
6028,4726,7,벌크럼
6075,4806,1,녹색 랩터
6174,4888,7,스테파니 터너
6271,4959,8,생쥐
6368,5585,8,고양이
6411,5235,7,벨로라 나이틀리
6487,5266,7,신비술사 도안
6740,5444,7,여관주인 앨리슨
6741,5449,7,여관주인 노먼
7267,6439,7,족장 우코르즈 샌드스칼프
7358,32610,6,혹한의 암네나르
7380,5585,12,샴고양이
7381,5555,12,은빛띠고양이
7382,5554,12,주황띠고양이
7384,5586,12,주황얼룩고양이
7385,5556,12,검은고양이
7386,9989,12,하얀집고양이
7387,5207,12,초록금강앵무
7389,6190,12,긴날개앵무
7390,6191,12,왕관앵무
7394,5369,12,안코나닭
7395,2177,12,바퀴벌레
7452,12237,7,광기 어린 올빼미야수
7549,6295,12,청개구리
7550,901,12,뿔개구리
7553,4615,12,큰뿔부엉이
7555,6299,12,솔부엉이
7560,328,12,눈덧신토끼
7561,2955,12,눈서리뱀
7562,2957,12,갈색나무뱀
7565,1206,12,검은왕뱀
7567,6303,12,붉은뱀
7707,6472,1,청록색 랩터
7708,6473,1,보라색 랩터
7800,36563,9,기계박사 텔마플러그
7980,7117,7,정예 죽음경비병
8403,7632,7,제레미어 페이슨
8444,7795,7,대상 코빅
8447,6569,9,딸깍이
8582,7889,7,카드라크
8670,7991,7,경매인 칠톤
8672,7995,7,경매인 리카
8719,7992,7,경매인 피치
8721,7994,7,경매인 에피튀
8996,1132,3,하급 보이드워커
9019,8807,7,제왕 다그란 타우릿산
9376,1204,4,불바람
9568,8711,2,대군주 웜타라크
9656,8909,12,꼬마 폭탄
9657,8910,12,꼬마 폴폴이
9699,8971,8,불딱정벌레
10053,9273,7,안야 마울레이
10181,28213,7,여군주 실바나스 윈드러너
10184,8570,2,오닉시아
10259,9563,12,새끼 검은늑대
10363,10115,2,사령관 드라키사스
10440,10729,6,남작 리븐데어
10508,7919,6,라스 프로스트위스퍼
10598,9997,12,새끼 불그물거미
10781,10130,7,왕실감독원 바우하우스
10813,34424,3,발나자르
10879,10187,7,선구자 발타자드
10928,4162,3,하급 서큐버스
11048,10580,7,빅터 워드
11049,10581,7,리안논 다비스
11153,10670,6,붉은 해골마
11154,10671,6,푸른 해골마
11155,10672,6,갈색 해골마
11156,10720,6,녹색 전투해골마
11492,14416,3,칼날바람 알진
11496,14173,3,이몰타르
11501,11583,7,왕 고르독
11502,11121,4,라그나로스
11520,7970,7,욕망의 타라가만
11583,11380,2,네파리안
11622,12073,6,들창엄니
11689,11641,1,갈색 코도
11720,11685,7,로루크 포레스트스트라이더
11744,8715,4,먼지 폭풍
11746,8550,4,우레의 모래정령
11820,11736,7,록케 오카르
11829,11753,7,파라크
12149,12246,1,회색 코도
12196,12392,7,여관주인 카일리스크
12201,12292,4,공주 테라드라스
12480,5567,7,멜리스 말라간
12481,5446,7,저스틴 디메일러
12616,12974,7,불그라
12720,12936,7,프람날리
12722,12973,7,베라 나이트셰이드
12723,12948,7,하르알렌
12724,12968,7,픽셀
12737,12959,7,마스토크 윌리히스
12837,12976,7,야마 스노우후프
12858,12809,7,토렉
12859,12810,7,토막나무 공격대원
12867,12956,7,쿠레이빈
12877,12790,7,에르톡 레이지터스크
12896,4841,7,은빛날개 파수꾼
12897,4841,7,은빛날개 전사
12903,4264,7,토막나무 경비병
12922,4449,3,하급 임프
13598,13671,7,스톰파이크 폭파 전문가
14329,14334,1,검은 전투늑대
14330,14388,1,검은 전투랩터
14331,10719,6,붉은 전투해골마
14333,14348,1,검은 전투코도
14421,1072,12,갈색 땅다람쥐
14423,14472,7,하사관 잭슨
14438,14492,7,하사관 폼로이
14439,14493,7,하사관 브래디
14539,14575,1,날쌘 회갈색 늑대
14540,14573,1,날쌘 갈색 늑대
14541,14574,1,날쌘 회색 늑대
14542,14349,1,거대한 흰색 코도
14543,14344,1,날쌘 녹색 랩터
14544,14342,1,날쌘 주황색 랩터
14545,14339,1,날쌘 푸른 랩터
14549,14578,1,거대한 갈색 코도
14550,14579,1,거대한 회색 코도
14558,10721,6,보라색 전투해골마
14744,14776,1,전투 서리늑대
14834,15295,10,학카르
14878,14938,12,쥬블링
14881,2536,8,거미
15102,15255,7,은빛날개 사절
15106,15243,7,서리늑대 특사
15131,14773,7,퀴쥬
15206,12030,7,불꽃의 군주
15207,62,10,나락의 군주
15208,3216,5,파편의 군주
15214,1126,10,보이지 않는 추적자
15220,7569,1,서풍의 군주
15274,16217,1,마나 지룡
15278,15516,7,마법학자 이로나
15279,15522,7,줄리아 선스트라이커
15280,15521,7,제스테니스 선스트라이커
15283,15524,7,소환사 텔리라리엔
15284,15518,7,여사제 아레나
15285,15519,7,추적자 카리엘
15287,15527,7,사라 선윙
15289,15526,7,랠리스 돈스타
15291,15529,7,제인테스 텔린
15292,15510,7,파라덴 텔린
15295,15517,7,태양샘지기 솔라니안
15296,15532,7,비전술사 이타나스
15297,15528,7,비전술사 헬리온
15339,15432,10,무적의 오시리안
15366,15507,1,새끼 갈기발 스라소니
15371,15511,7,선스트라이더 경비병
15372,15506,1,갈기발 스라소니
15468,7804,10,선스트라이더 마나 추출 누산기
15476,15469,8,전갈
15494,15523,7,야스민 텔리라리엔
15513,15520,7,순찰자 살리나
15659,15594,7,경매인 잭손
15666,15672,10,푸른 퀴라지 전차
15675,15782,7,경매인 스톡튼
15676,15784,7,경매인 얄리
15682,15780,7,경매인 케인
15683,7995,7,경매인 낙스레미스
15684,15783,7,경매인 트릭켓
15686,15781,7,경매인 라이커
15690,19274,3,공작 말체자르
15698,15660,12,겨울 할아버지의 도우미
15699,10269,12,온순한 기계설인
15705,15663,12,겨울 할아버지의 꼬마 도우미
15714,15680,10,노란 퀴라지 전차
15715,15679,10,녹색 퀴라지 전차
15716,15681,10,붉은 퀴라지 전차
15727,15787,10,크툰
15897,15294,10,큰 집중조명
15928,16137,6,타디우스
15931,16035,6,그라불루스
15932,16064,6,글루스
15936,16309,6,부정의 헤이건
15952,15928,1,맥스나
15953,15940,7,귀부인 팰리나
15954,16590,6,역병술사 노스
15956,15931,6,아눕레칸
15989,16033,6,사피론
15990,15945,6,켈투자드
16011,16110,6,로데브
16028,16174,6,패치워크
16030,9904,8,구더기
16060,16279,6,영혼 착취자 고딕
16061,16582,6,훈련교관 라주비어스
16063,16154,6,젤리에크 경
16064,16155,6,영주 코스아즈
16068,9906,8,애벌레
16085,15992,12,덜렁발
16320,4629,6,다르칸의 눈
16548,16257,12,꿀꿀이
16802,17122,7,로르테마르 테론
16808,19799,7,대족장 카르가스 블레이드피스트
16900,17061,1,길들인 새끼 서슬송곳니 갈퀴발톱
16998,16622,8,비글스워스씨
17100,16852,7,조언자 선스원
17144,20763,1,쐐기이빨
17213,16910,8,빗자루
17252,14255,3,지옥수호병
17257,18527,3,마그테리돈
17280,14334,1,으스러진 손의 전투견
17308,18237,3,무적의 오모르
17355,16979,7,발루샤
17377,17153,7,파괴자 켈리단
17468,17822,7,예언자 벨렌
17536,18812,2,나잔
17798,20235,7,장군 칼리스레쉬
17881,20510,2,아에누스
17882,18194,1,검은 추적자
17942,18224,5,쿠아그미란
17968,20939,3,아키몬드
17977,19438,4,차원의 분리자
18096,19135,2,시대의 사냥꾼
18344,19780,7,연합왕자 샤파르
18363,17699,1,황갈색 와이번
18364,17700,1,푸른색 와이번
18365,17701,1,녹색 와이번
18373,17715,7,총독 말라다르
18376,17718,1,날쌘 붉은색 그리핀
18377,17719,1,날쌘 붉은색 와이번
18378,17720,1,날쌘 녹색 와이번
18379,17721,1,날쌘 보라색 와이번
18380,17722,1,날쌘 노란색 와이번
18473,18636,7,갈퀴대왕 이키스
18677,20761,7,야수 메크토그
18678,17445,10,모래아귀
18679,20044,3,보라켐 둠스피커
18680,20770,1,마르티카
18681,20768,7,갈퀴송곳니 사절
18682,20769,4,늪지 잠복꾼
18683,19681,3,공허의 사냥꾼 야르
18685,20766,7,오크렉
18686,20767,7,파멸의 예언자 유림
18689,12073,6,절름발이
18690,20862,5,모르크루쉬
18692,8574,2,헤마시온
18693,20762,7,연설가 마르그롬
18694,20590,3,차원의 감시자 콜리더스
18695,11347,3,사자 제리카르
18696,20810,3,크라토르
18697,20765,7,선임기술자 노산더
18698,20764,4,응징자 영원핵
18708,18839,4,울림
19044,18698,7,용 학살자 그룰
19178,19188,7,수다쟁이 포세이큰
19220,20033,7,철두철미한 파탈리온
19280,18696,1,붉은 매타조
19281,18697,1,날쌘 분홍색 매타조
19622,20023,7,캘타스 선스트라이더
19668,19110,10,어둠의 마귀
19871,169,10,월드 트리거 (Not Immune NPC)
20072,19375,1,암청색 전투 탈부크
20149,19303,1,암흑 전투 탈부크
20150,19376,1,갈색 전투 탈부크
20151,19377,1,흰색 전투 탈부크
20152,19378,1,은빛 전투 탈부크
20217,19479,1,보라색 매타조
20220,19480,1,푸른 매타조
20222,19478,1,검은 매타조
20223,19482,1,날쌘 보라색 매타조
20224,19484,1,날쌘 녹색 매타조
20225,20359,1,날쌘 전투 매타조
20408,19600,12,마나 지룡
20472,4626,12,갈색 토끼
20477,19658,7,공포의 집게발
20714,19785,1,긴다리 마루돌기거미
20912,19943,10,선구자 스키리스
20932,19913,1,누라모크
21008,19985,12,노란 나방
21009,19986,12,붉은 나방
21010,19987,12,푸른 나방
21018,19999,12,하얀 나방
21055,20026,12,황금 용매 새끼
21056,20029,12,푸른색 용매 새끼
21063,20037,12,은빛 용매 새끼
21064,20027,12,붉은색 용매 새끼
21212,20748,7,여군주 바쉬
22015,20707,7,폭풍의 눈 사절
22445,20996,12,꼬마날개
22510,21073,1,길들인 암청색 탈부크
22511,21074,1,길들인 암흑 탈부크
22512,21075,1,길들인 은빛 탈부크
22513,21077,1,길들인 갈색 탈부크
22514,21076,1,길들인 흰색 탈부크
22515,169,10,World Trigger
22817,19315,12,블러드 엘프 고아
22917,21135,3,일리단 스톰레이지
22958,21152,1,길들인 녹색 황천의 가오리
22975,21155,1,길들인 보라색 황천의 가오리
22976,21158,1,길들인 붉은 황천의 가오리
22977,21157,1,길들인 은빛 황천의 가오리
22978,21156,1,길들인 푸른 황천의 가오리
23258,21382,12,용용이
23274,16633,12,뿡뿡이
23408,21473,6,까마귀 군주
23455,21520,2,칠흑의 황천날개 비룡
23472,18783,10,월드 트리거
23682,22351,10,저주받은 기사
23713,8848,7,크락스
23863,38118,7,다카라
23872,21824,7,코렌 다이어브루
23909,21900,12,사악한 작은 호박
23953,25338,6,공작 켈레세스
23980,26351,6,약탈자 잉그바르
24174,22175,8,협만 쥐
24200,22194,7,건축가 스카발드
24201,26349,7,감시자 달론
24239,22332,7,사술 군주 말라크라스
24270,15554,8,탐욕스러운 구더기
24388,22388,12,덥석이
24389,22389,12,캭캭이
24480,22459,12,모조
24488,22473,1,세나리온 전투 히포그리프
24653,22719,9,비행기
24654,22720,9,터보 충전 비행기
24664,22906,7,캘타스 선스트라이더
24879,25347,13,북극 구름
25058,5585,8,퍼즈
25062,22855,12,조그만 포자날개
25315,23200,3,킬제덴
25740,23344,4,아훈
26043,1126,10,증기 폭발
26050,23507,12,으릉이
26056,23506,12,크릉이
26119,23574,12,새끼 불사조
26131,19483,1,날쌘 흰색 매타조
26525,23902,8,바퀴벌레
26529,26579,6,살덩이갈고리
26530,26581,7,살덩이창조자 살람
26532,26580,2,시간의 군주 에포크
26533,26582,3,말가니스
26555,12818,6,스컬지 괴물
26630,26352,6,송곳아귀
26631,26292,6,소환사 노보스
26632,27072,6,예언자 타론자
26668,26096,6,스발라 소로우그레이브
26687,27419,7,고르톡 페일후프
26693,27418,6,학살자 스카디
26723,24307,2,케리스트라자
26731,24066,7,대학자 텔레스트라
26763,26259,4,아노말루스
26794,26298,4,정원사 오르모로크
26861,28019,6,왕 이미론
27047,1126,10,투명 추적자
27152,25159,6,저주받은 기사의 군마
27334,24556,7,붉은돌격대 사령관 이우스투스
27447,27033,2,바로스 클라우드스트라이더
27483,5240,1,랩터왕 서슬발톱
27654,27032,2,심문관 드라코스
27655,25010,7,마법사 군주 우롬
27656,27034,2,지맥 수호자 에레고스
27707,24757,1,거대한 가을 축제 코도
27870,24890,10,야생화
27881,23884,9,겨울손아귀 투석기
27975,26657,10,고뇌의 마녀
27977,20909,5,크리스탈루스
27978,27483,7,무쇠구체자 쇼니르
28080,25640,7,광란심장 창잡이
28081,25385,7,광란심장 청소부
28094,27658,9,겨울손아귀 파괴전차
28160,25166,7,대마법사 펜타루스
28202,1141,8,줄드락 쥐
28243,25254,6,스림
28312,25292,9,겨울손아귀 공성 전차
28366,27101,9,겨울손아귀 경비탑 대포
28470,25457,12,새끼 황천의 가오리
28546,27484,4,아이오나
28586,27301,7,장군 비야른그림
28587,27071,5,볼칸
28596,25520,7,드워프 건설인부
28675,25596,7,출납원 람스
28676,25597,7,출납원 알시엘리스
28677,25598,7,출납원 한너스
28684,27394,6,문지기 크릭시르
28687,25605,7,아미시 아주어게이즈
28690,25607,7,타시아 위스퍼글렌
28693,25610,7,마법부여사 날타니스
28694,25611,7,알라드 슈미트
28696,25612,7,데릭 마크스
28697,25613,7,티모페이 오쉔코
28698,25614,7,여디디야 핸더스
28699,25615,7,찰스 워스
28700,25616,7,다이안 카닝스
28701,26075,7,티모시 존스
28702,25618,7,교수 팔린
28703,25619,7,린지 블랙볼트
28704,25620,7,도로시 에간
28706,25622,7,친절한 올리사라
28708,25955,7,키지 코퍼클립
28714,25635,7,일다인 소로우스피어
28716,25637,7,팔자 암보스
28718,25644,7,라니드 글로우어골드
28721,25645,7,티파니 까르티엘
28722,25646,7,브라이언 랜더스
28723,25647,7,라라나 드롬
28725,25648,7,패트리샤 에간
28726,25649,7,도미니크 스테파노
28727,25650,7,에드워드 에간
28728,25651,7,도리안 파인스
28859,26752,2,말리고스
28860,27035,2,살타리온
28921,26776,1,하드로녹스
28923,27485,10,로켄
28951,25791,7,브리아니
28956,25806,7,전쟁마법사 파노레이드
28958,25807,7,제사 위버
28960,16480,10,생성기
28990,25876,7,안소니 듀레인
28995,25594,7,팔데시
28997,25881,7,그리셀다 훈더랜드
29049,25882,7,아릴 아주어게이즈
29093,25901,7,이언 드레이크
29095,25902,7,에드워드 케른
29120,27856,6,아눕아락
29139,25624,7,나즈니크 슈어하브
29142,33948,7,젤리네크 샤프쉬어
29147,28089,12,유령 해골
29156,25947,7,대마법사 셀린드라
29255,26071,7,선리버 근위 마법사
29266,27486,7,제보즈
29282,26103,7,경리 알스타인
29304,27422,7,슬라드란
29305,27059,7,무라비
29306,27061,7,갈다라
29307,26589,9,드라카리 거대골렘
29308,27406,7,공작 탈다람
29309,27407,6,장로 나독스
29310,26777,7,어둠추적자 제도가
29311,27408,10,사자 볼라즈
29312,10193,1,라반토르
29313,27487,4,이코론
29314,27855,3,파멸자 주라마트
29315,27488,7,에레켐
29316,20590,3,모라그
29323,25771,7,시프렐다르 폭풍 여전사
29331,26123,7,시프렐다르 룬수호자
29369,25756,7,폭풍으로 벼려낸 감독관
29370,26212,7,폭풍으로 벼려낸 용사
29374,26220,7,폭풍으로 벼려낸 학자
29376,25953,7,폭풍으로 벼려낸 기술병
29377,26213,7,폭풍으로 벼려낸 약탈병
29380,26140,9,폭풍으로 벼려낸 전쟁 골렘
29384,24109,9,사로잡힌 기계노움
29390,24892,1,눈평원 요르문가르
29399,26219,10,스파크스포켓 대공포
29402,27235,1,무쇠털 매머드
29404,275,7,야만의 언덕 청소부
29407,27174,7,설맹의 신자
29411,26198,1,수정그물 고치거미
29412,26223,1,수정그물 독거미
29413,27183,7,설맹의 채굴꾼
29424,4449,10,폭풍으로 벼려낸 번개 대상
29427,26242,7,사로잡힌 브리쿨
29428,26243,7,리켓
29429,26244,7,쟁크스
29434,26248,7,부상당한 고블린 광부
29466,26261,7,고블린 포로
29469,26267,1,얼음 평원 코뿔소
29475,6271,10,개량된 지뢰
29477,26092,7,토석인 수호병
29478,26300,7,제페토 조이버즈
29483,19218,10,K3 방어선 포탑
29485,26302,5,백운석 거인
29491,25879,7,카란도나
29495,26310,7,노르빈 알더만
29505,26339,7,이민드릴 스피어송
29506,26338,7,올란드 쉐퍼
29507,26337,7,맨프레드 스톨러
29508,26336,7,안델리온
29509,26335,7,남하 문워터
29510,26377,7,리나 브루더
29511,26378,7,랄라 브라이트위브
29512,26376,7,에인데루 서머리프
29513,26375,7,"스패너" 디디
29514,26374,7,핀들 휘슬스팀
29535,26445,7,연금술사 시네스라
29537,26443,7,다라히르
29538,26444,7,헥실 가로트
29546,26328,7,K3 눈길잡이
29548,26330,7,에이미
29564,26342,7,그림스
29569,25771,7,발키리온 지원자
29570,26725,6,발키르 지원자
29596,28428,1,흰색 북극곰
29611,28127,7,국왕 바리안 린
29618,27172,7,설맹의 추종자
29619,24857,7,가름 침략자
29623,1887,7,야만의 언덕 투사
29624,27005,4,폭풍전사
29628,26390,7,안젤리크 버틀러
29640,26398,7,조시 버치
29641,27782,7,테레사 울프
29642,26400,7,딤 플랫후프
29643,26401,7,베일리
29644,26402,7,벨링어
29652,25757,7,폭풍으로 벼려낸 추적자
29657,26413,7,대신비술사 세이버
29665,26417,7,"자물쇠" 파지크 프리록
29672,26503,10,전쟁노래 협곡 차원문
29673,26496,10,아라시 분지 차원문
29674,26494,10,알터랙 계곡 차원문
29675,26501,10,폭풍의 눈 차원문
29676,26505,10,고대의 해안 차원문
29702,26438,7,카멜리 바나파쉬
29703,26437,7,쉐들 글로스글림
29714,27915,7,루시안 트리아스
29715,26441,7,피알라 스위트베리
29716,26442,9,태엽돌이 조수
29721,26449,7,스키즐 슬릭슬라이드
29724,26475,9,도서관 수호병
29726,26452,12,오싹군
29746,25874,9,정보 저장고
29752,20570,9,정보 저장고 핵
29753,26710,2,폭풍우 봉우리 고룡
29755,26726,2,폭풍우 봉우리 새끼용
29777,26524,10,기계고릴라
29780,7920,10,기계닭
29781,26532,10,기계다람쥐
29782,26526,10,기계양
29783,26547,10,태엽장치 로봇
29784,26530,10,파란색 태엽장치 로봇
29785,26531,10,빨간색 태엽장치 로봇
29792,26554,7,서리깃 비명하피
29793,26552,7,서리깃 마녀
29802,26557,10,장난감 비행기
29807,26570,10,달라란 장난감 가게 비행기 끈 고리
29808,26566,1,새끼 폭풍마루 독수리
29811,26567,7,서릿결 정찰병
29812,21955,10,달라란 장난감 가게 비행기 끈
29844,26177,4,얼음의 망령
29849,25347,4,얼어붙은 구슬
29855,26593,7,칼리이시
29857,9954,1,얼음이빨
29875,22486,7,얼음갈기 설인
29908,26629,7,플립 팻퍼스
29909,26632,7,닐리카 블라스트비커
29910,26626,7,K3 투사
29929,25871,9,호토바이
29932,26644,7,사나운 엑크
30035,26092,7,약해진 토석인 수호병
30052,5988,10,크레테우스
30066,26757,9,발키리온 작살포
30091,1126,10,중앙 분쟁 조종기
30094,26759,8,달라란 하수도 쥐
30095,16259,8,달라란 하수도 거북이
30096,26764,10,마른 건초더미
30103,16480,10,발키리온 불
30104,26766,7,상인 아담만
30137,26779,7,책략가 빅커스
30146,26242,7,지친 브리쿨
30151,4449,10,구슬 번개
30209,20570,10,북쪽 번개 가열로
30211,20570,10,중앙 번개 가열로
30212,20570,10,남쪽 번개 가열로
30258,28133,4,아마니타르
30281,22474,1,은빛 서약단 히포그리프
30342,22712,7,오그림의 망치호
30343,22712,7,하늘파괴자호
30352,26997,7,하늘파괴자호 해병
30379,304,12,서부 몰락지대 닭
30384,1126,10,브란의 비행기 조종기
30445,26267,1,얼음 평원 숫코뿔소
30449,27039,2,베스페론
30451,27421,2,샤드론
30452,27082,2,테네브론
30464,26325,7,"정직한" 맥스
30466,25626,9,낡은 비행기
30588,21955,10,[DND] Icecrown Flight To Airship Bunny (H)
30589,21955,10,[DND] Icecrown Flight To Airship Bunny (H) Teleport Target
30649,21955,10,얼음왕관 비행선 대포 대상
30690,27529,10,얼음왕관 비행선 대포
30755,27328,7,코르크론 약탈자
31066,1126,10,말리크리스 룬작업장
31125,26967,5,바위 감시자 아카본
31134,27508,2,시아니고사
31137,27065,6,서리고룡족 하늘발톱
31139,27807,6,공포의 고름 거인
31140,15958,6,덩치 큰 누더기골렘
31142,25526,6,얼음 구울
31145,24584,7,어둠의 숙련사제
31147,25627,6,흉포한 외눈깨비
31152,27511,6,불멸의 하수인
31155,27538,6,재앙의 강령술사
31177,28350,7,살해된 얼라이언스 병사
31205,27576,6,되살아난 얼라이언스 병사
31226,7858,6,거대한 포악자
31228,1988,4,숲지기 나무정령
31233,24235,1,튼튼한 늑대
31236,10957,1,얼룩 사슴
31245,1126,10,투명 수액 추적자
31247,27533,7,록시 램로켓
31273,24675,7,죽어가는 광전사
31304,3167,7,죽어가는 병사
31320,25241,6,암영 투사
31321,11404,6,해골 룬대장장이
31323,25285,6,흐물거리는 추적자
31324,26804,6,얼음가죽 파수꾼
31325,27530,6,숙련 죽음의 기사
31326,27412,6,수습 죽음의 기사
31327,27415,6,수습 죽음의 기사
31575,27627,12,하수도 왕쥐
31643,21955,10,달라란 우물 순간이동
31689,27657,10,노움 잠수부
31697,25835,2,붉은 비룡
31702,27710,6,서리고룡족
31714,2954,10,줄무늬뱀
31717,25833,2,길들인 청동 비룡
31718,25750,6,서리고룡족 새끼용
31719,17170,10,광포어
31729,5448,10,고양이
31730,6296,10,개구리
31731,24584,7,고룡 생환술사
31733,3233,10,바퀴벌레
31735,27680,10,돼지
31738,27671,7,이교도 타락자
31740,27881,10,거북이
31741,4626,10,토끼
31742,1072,10,땅다람쥐
31747,27683,1,죽음의 그물거미
31755,913,10,보관 중인 사냥꾼 야수
31756,193,10,보관 중인 사냥꾼 야수
31757,27727,10,보관 중인 사냥꾼 야수
31758,27692,10,보관 중인 사냥꾼 야수
31768,23513,10,보관 중인 사냥꾼 야수
31769,23517,10,보관 중인 사냥꾼 야수
31783,25243,6,브리쿨 강령군주
31787,7616,6,요새 감시자
31795,27718,10,새끼 불그물거미
31796,27719,10,새끼 검은늑대
31836,27743,10,푸른용 알
31847,25286,6,청소부 외눈깨비
31850,27245,1,검은색 전투 매머드
31852,27244,1,털북숭이 매머드
31854,27246,1,얼음 매머드
31857,27239,1,덩치 큰 얼음 매머드
31887,16480,10,칠흑의 기사단
31898,27772,7,아스릭
31899,27780,7,자다르
31900,27774,6,스컬지 기수
31902,28044,2,붉은색 원시비룡
32149,27776,6,전사한 영웅의 영혼
32151,28041,2,푸른색 원시비룡
32155,27786,10,스컬지 전쟁 기계
32158,25836,2,백색 비룡
32161,27511,6,스컬지 전쟁 기술자
32170,27801,7,마법학자 술디엘
32172,27799,7,해럴드 윈스톤
32201,17284,7,오그림의 망치호 정찰병
32202,16480,10,폐허 처치 점수
32205,27819,1,검은색 전투곰
32207,27821,1,무장한 불곰
32216,27822,7,메이 프란시스
32242,16480,10,푸른색 견본 처치 점수
32244,16480,10,녹색 견본 처치 점수
32245,16480,10,암흑 견본 처치 점수
32255,27776,6,조종 당하는 영웅
32257,27774,6,스컬지 변환사
32258,15467,8,황금색 딱정벌레
32259,18609,7,공허소환사
32260,1130,3,사로잡힌 하수인
32261,27861,8,수정 거미
32262,10631,7,어둠의 역술사
32264,1126,10,알두르타르 정신집중
32267,11078,6,되살아난 일꾼
32268,24037,7,교단 작업반장
32273,19326,2,무한의 타락자
32275,15264,7,고문 당한 포로
32276,25342,7,교단 검은경비병
32279,27887,7,사악한 고문관
32280,25214,6,코프레타르 경비병
32284,27536,6,스컬지 영혼술사
32285,27884,7,감독관 재콘
32289,10421,7,저주받은 연금술사
32290,10408,7,교단 연금술사
32297,26446,7,교단 연구원
32299,27897,6,해골 파수병
32318,16480,10,소환의 돌
32328,24030,10,[DND] Dalaran Sewer Arena - Controller - Death
32334,27912,7,닉시 파이어클로
32336,27914,1,무장한 푸른색 와이번
32337,26440,7,크리스티 스톡톤
32339,24030,10,[DND] Dalaran Sewer Arena - Controller
32347,1126,10,알루메스 소환
32349,27671,7,이교도 수정 감시자
32357,24960,4,노쇠한 수정껍질
32358,24103,9,펌블럽 기어윈드
32361,26286,1,얼음뿔
32377,28051,7,피에 굶주린 페로바스
32386,27063,7,여전사 비그디스
32398,27950,1,왕부리
32400,27951,1,투크무스
32403,27952,7,산드라 바르탄
32409,28284,7,광기 어린 인두르 생존자
32411,27954,7,아프사네 아스라르
32417,10294,7,붉은십자군 대영주 다이온
32422,26663,5,그록클라르
32428,1141,8,마법의 뒤안길 쥐
32429,18083,10,증오의 살덩이마귀
32435,20763,1,베른
32438,27970,7,뼈분리자 사이레이안
32441,833,1,마법의 뒤안길 악어
32447,26589,4,줄드락 파수병
32451,28151,7,달라란 시민
32466,27972,8,거대한 마법의 뒤안길 쥐
32467,27984,6,해골 약탈자
32470,6297,8,하수도 개구리
32471,25926,6,그리겐
32475,27973,1,공포의 그물거미
32479,27897,6,해골 경비병
32481,27975,1,아오토나
32482,24301,6,고름 거수
32485,28052,1,왕 크루쉬
32486,26696,7,스컬지 죽음의 기사
32487,27979,5,고대의 퓨트리두스
32490,26540,6,스컬지 죽음의 군마
32492,27982,6,우두머리 서리고룡
32495,27983,6,힐다나 데스스틸러
32498,25390,8,빙하 펭귄
32500,27986,9,더키
32501,27988,6,고위 영주 조르푸스
32502,24993,6,파헤쳐진 구울
32505,25300,6,바르굴 방랑자
32514,27999,7,바네사 셀러스
32515,28000,7,브랙 스타우트비어드
32516,28006,7,한물간 마법사
32517,28010,1,로크나하크
32520,16480,10,Totally Generic Bunny (All Phase)
32562,28053,2,녹색 원시비룡
32589,28214,12,새끼 더부살이 새
32590,28215,12,흰 새끼 더부살이 새
32591,28084,12,새끼 코브라
32592,28217,12,새끼 원시비룡
32595,28216,12,펭구
32596,21273,7,달라란 방문객
32606,21955,10,책
32627,26403,9,겨울손아귀 공성 전차
32630,28110,2,바이라고사
32638,28111,7,아르거스의 하크무드
32639,28282,7,니모
32643,14273,12,키린 토 지식의 전령
32650,28123,7,부상당한 달라란 수호병
32651,28124,7,부상당한 달라란 방패 경비병
32652,28125,7,부상당한 달라란 감시자
32653,5966,1,부상당한 달라란 뱀
32664,12200,1,세가세디
32668,80,7,에미
32669,251,7,콜린
32676,28144,7,그린들 파이어스파크
32677,28145,7,만물박사 훠트
32678,28146,7,에멜라인 피즐프라이
32679,28147,7,다르살리아 에본스코치
32680,28148,7,멋진 파비오소
32681,28149,7,위대한 메를로
32684,28152,7,모나 에버스프링
32685,28153,7,키츠 프라우드브리즈
32688,28156,7,대마법사 테나즈
32689,28159,7,아도리안 류
32690,28160,7,비티 프로스트플링어
32693,28163,7,사브리아나 소로우게이즈
32709,28183,7,후나카 그린후프
32710,28184,7,가를 그림그리즐
32711,28185,7,차원의 여사냥꾼 쿨라
32714,28190,7,달의 여사제 니시
32725,23337,7,전쟁마법사 실바
32726,28164,7,얼뜨기
32727,28165,7,나탈리에 투티블레어
32729,28167,7,로퓌르 르플레르
32731,28169,7,메토피우스 로어시커
32744,28199,7,호리호리한 바코르
32745,28202,7,아메라 스카이
32746,28203,7,말썽꾼 지폰
32747,28204,7,멘데즈 나이츠섀도
32748,28205,7,빔블 스파크핑거스
32749,28207,7,투프 고어후프
32751,28212,1,등잡이
32752,913,1,타비사
32767,27064,6,서리고룡족 보초병
32791,6302,12,봄 토끼
32818,21774,12,포동포동 칠면조
32857,28324,7,폭풍소환사 브룬디르
32867,28344,5,강철파괴자
32871,28641,4,관찰자 알갈론
32927,28381,7,룬술사 몰가임
32930,28638,5,콜로간
32939,28397,12,꼬마 사슴
32944,28402,1,붉은색 용매
33026,28432,7,사라 브래디
33027,28433,7,제시카 셀러스
33113,28875,9,거대 화염전차
33118,29185,5,용광로 군주 이그니스
33186,28787,2,칼날비늘
33193,28484,7,잿빛 골짜기 척후병
33201,4261,7,몰샨 수호병
33219,28502,12,멀고어 새끼 타조
33222,3258,7,마커스 발로 경
33223,28559,7,대장 조셉 홀리
33225,28560,7,작전사령관 제이콥 알레리우스
33226,28507,12,해안 게
33229,28048,10,근접 표적
33239,28948,12,은빛십자군 꼬마 그런트
33243,28938,10,원거리 표적
33263,28523,7,디나 하프문
33266,4261,7,부상당한 몰샨 수호병
33267,16480,10,부상당한 경로
33271,28548,10,장군 베작스
33272,29075,10,돌진 표적
33281,4261,7,몰샨 경비병
33284,4262,7,트룬
33285,28852,10,센진 용맹전사
33288,28817,10,요그사론
33293,28611,9,XT-002 해체자
33299,29261,1,검은창 랩터
33300,29259,1,썬더 블러프 코도
33306,28851,10,오그리마 용맹전사
33307,28561,7,하사관 아서 플루
33309,28562,7,클라라 텀블브루
33310,28563,7,데릭 브린들비어드
33312,28564,7,라나 스타우트해머
33315,28565,7,롤로 슈어샷
33320,29260,10,오그리마 늑대
33335,28586,7,암브로스 볼트스파크
33336,16480,10,고라트의 대상
33361,28587,7,해골분쇄자 모크라
33372,28588,7,줄토어
33373,28589,7,죽음추적자 비세리
33379,28637,7,에레시아 돈싱어
33382,28853,10,실버문 용맹전사
33383,28855,10,썬더 블러프 용맹전사
33384,28856,10,언더시티 용맹전사
33403,28597,7,루노크 와일드메인
33405,28600,7,아키노스
33410,28839,5,프레이야
33411,28838,5,호디르
33412,28845,5,미미론
33413,29039,5,토림
33414,29257,1,포세이큰 전투마
33417,29131,7,성전사 라이달라
33418,29262,1,실버문 매타조
33422,28618,7,해방된 예언자
33429,29098,6,해골경비대 부관
33434,24225,7,베즐 블라스트볼트
33435,24225,7,보즐 블라스트볼트
33438,775,6,해골경비대 보병
33440,11857,7,사기 꺾인 일꾼
33446,16480,10,벌목 일꾼
33447,29146,10,종자 데이비드
33459,29090,7,오그리마 용사
33460,28633,7,오그리마 용맹전사
33462,29087,7,놈리건 용사
33463,28704,7,놈리건 용맹전사
33465,29093,7,언더시티 용사
33467,29091,7,실버문 용사
33468,28629,7,실버문 용맹전사
33469,28631,7,언더시티 용맹전사
33473,28632,7,썬더 블러프 용맹전사
33474,28703,7,센진 용사
33476,28630,7,센진 용맹전사
33477,29092,7,스톰윈드 용사
33479,28707,7,스톰윈드 용맹전사
33480,29088,7,아이언포지 용사
33481,28711,7,아이언포지 용맹전사
33513,28652,6,흑기사의 그리핀
33515,28651,5,아우리아야
33518,29147,10,종자 대니
33522,29148,10,종자 카빈
33530,25173,12,호기심 많은 새끼 점쟁이
33531,28918,10,작전 전투마
33538,28670,7,케시엘 선랜스
33539,28671,7,던 레이지토템
33540,28673,7,어둠사냥꾼 메질크리
33541,28674,7,사라 초크
33542,28676,7,마법학자 에디엔 선할로우
33543,28678,7,선리버 수호자
33544,28689,7,모라 워그시스터
33545,28690,7,가쥬
33547,28691,7,조련사 드레치
33548,28692,7,아니라 투론
33549,28693,7,안카 클로후프
33550,26801,6,해골경비대 정찰병
33552,20570,10,요그사론
33553,28694,7,프레카 블러드액스
33554,28695,7,사맘바
33555,28696,7,엘리자 키리안
33556,28697,7,도루 썬더혼
33557,28698,7,트렐리스 모닝선
33558,28849,10,놈리건 용맹전사
33559,28955,10,다르나서스 용맹전사
33560,29089,7,엑소다르 용사
33561,28854,10,스톰윈드 용맹전사
33562,28848,10,엑소다르 용맹전사
33564,28850,10,아이언포지 용맹전사
33565,28705,7,다르나서스 용맹전사
33566,28709,7,엑소다르 용맹전사
33580,28899,7,더스틴 베일
33581,28901,7,쿨데
33583,28900,7,페일 모닝송
33586,12940,7,빙키 브라이트기어
33587,28897,7,베서니 크롬웰
33588,28898,7,크리스탈 브라이트스파크
33589,28984,7,조셉 윌슨
33590,28902,7,올루로스
33591,28903,7,쇠망치 레카
33592,28735,7,제일린 이븐송
33593,28736,7,콜로소스
33594,28909,7,피직스 블라스트볼트
33595,28914,7,메라 미스트러너
33596,28913,7,멜라인 더스크패스
33597,28910,7,리어 모닝송
33598,28908,7,패니
33599,28905,7,브롤린 윗비어드
33600,28906,7,세리 라크송
33601,28907,7,엘카 스톰브루
33602,28904,7,아누르
33603,28896,7,아서 데니
33625,28757,7,신비술사 탤리스
33643,28756,7,은빛 서약단 수호자
33644,28921,7,엘리아 문댄서
33645,28923,7,제나 썬더브루
33646,28740,7,아바레스 스위프트스트라이크
33647,28759,7,정찰병 샬린드리아
33648,28760,7,티킨 기어스패너
33649,28761,7,플리킨 기어스패너
33650,28762,7,릴리 스핀들넛
33652,13232,7,일레스트리아 블레이드싱어
33653,28765,7,루크 호크피스트
33654,28766,7,아이래 스타시커
33655,28767,7,산도스
33656,28768,7,라니
33657,28769,7,아이리시
33658,28771,7,아마리엘 선스원
33659,28772,7,갈라시아 브라이트돈
33687,27982,6,서리아귀
33688,8811,5,분노한 고대정령
33695,27887,7,이교도 폭격수
33697,16480,10,분노한 고대정령 대상
33698,28927,7,은빛십자군 평화감시단
33726,28823,9,토막나무 파괴전차
33728,28825,7,드라카
33738,28857,10,다르나서스 용사
33739,28858,10,엑소다르 용사
33740,28859,10,놈리건 용사
33743,28860,10,아이언포지 용사
33744,28861,10,오그리마 용사
33745,28702,10,센진 용사
33746,28862,10,실버문 용사
33747,28863,10,스톰윈드 용사
33748,28864,10,썬더 블러프 용사
33749,28865,10,언더시티 용사
33759,28836,7,성기사 에드릭
33762,28837,7,크록 스컬지베인
33763,28835,7,셀리안 데이브레이크
33769,28840,7,피를 부르는 조르베
33770,28842,7,일라이리 나이트폴
33771,28843,7,루리
33778,22471,1,마상시합 히포그리프
33780,28930,7,은빛십자군 경비병
33787,1126,10,마상시합 드루이드 주문 대상
33788,28878,7,파이론 셰이드송
33790,29255,1,길들인 엑소다르 엘레크
33791,29262,1,길들인 실버문 매타조
33792,29259,1,길들인 썬더 블러프 코도
33793,28571,9,길들인 놈리건 기계타조
33794,29256,1,길들인 다르나서스 밤호랑이
33795,29258,1,길들인 아이언포지 산양
33796,29261,1,길들인 검은창 랩터
33798,29257,6,길들인 포세이큰 전투마
33799,29260,1,길들인 오그리마 늑대
33800,28912,1,길들인 스톰윈드 군마
33817,28894,7,심판관 마리엘 트루하트
33842,28889,1,길들인 선리버 매타조
33843,28888,1,길들인 쿠엘도레이 군마
33849,28892,7,헬리단 라이트윙
33853,28891,7,브록셀 골드그래스프
33854,28893,7,토마스 패트리지
33857,22471,1,은빛십자군 히포그리프
33865,28920,7,마쿨리
33866,28922,7,아크리톡
33868,28925,7,팅기요크
33869,28926,7,톤가사크
33870,28918,1,길들인 은빛십자군 전투마
33871,28932,7,줄리 오즈워스
33872,28933,7,토르가
33892,28953,2,무쇠결속 원시비룡
33904,28954,2,녹슨 원시비룡
33970,28993,7,캐리스 선랜스
33971,28994,7,재린 돈글로
33974,28997,7,발리스 윈드체이서
33993,27108,5,폭풍 감시자 에말론
34102,29083,7,은빛 고해사제 페일트리스
34125,28918,1,길들인 작전 전투마
34127,29099,6,해골경비대 사령관
34155,12241,1,흰색 코도
34156,29102,1,맹독가죽 라바사우루스
34180,29114,7,성전사 마란
34210,28976,7,종자 아티
34238,29130,6,검은색 해골마
34252,29145,7,더빈 클레이
34319,21955,10,용사 이동
34330,5554,12,존스
34364,11709,12,삼색얼룩고양이
34496,29267,6,아이디스 다크베인
34497,29240,6,피욜라 라이트베인
34549,14343,1,날쌘 보라색 랩터
34552,28605,1,흰색 전투해골마
34555,14335,1,날쌘 자주색 늑대
34556,28607,1,날쌘 빨간색 매타조
34558,28556,1,거대한 황금색 코도
34564,29268,6,아눕아락
34658,9991,7,제일린 이븐송의 탈것
34716,28972,7,사로잡힌 지원자
34728,25342,7,암흑 광신도
34734,27832,7,암흑 신도
34735,4449,10,흑기사의 무덤
34771,29479,7,피의 여전사 지라나
34772,29478,7,바사린 레드몬
34780,29615,3,군주 자락서스
34788,27173,7,고르목 광신도
34794,29435,7,이무야크
34797,21601,1,얼음울음
34808,27775,7,죽음예언자 카로스
34810,4449,10,CoD 눈
34838,25632,7,크발디르 돌격병
34839,25773,7,크발디르 안개결속사
34852,29683,7,살해된 투알리크 주민
34856,29635,7,원형경기장 드워프 구경꾼
34857,29648,7,원형경기장 트롤 구경꾼
34858,29645,7,원형경기장 타우렌 구경꾼
34859,29658,7,원형경기장 오크 구경꾼
34860,29651,7,원형경기장 언데드 구경꾼
34861,29655,7,원형경기장 블러드 엘프 구경꾼
34868,29639,7,원형경기장 드레나이 구경꾼
34869,29643,7,원형경기장 노움 구경꾼
34870,29636,7,원형경기장 인간 구경꾼
34871,29644,7,원형경기장 나이트 엘프 구경꾼
34880,29475,7,나라시 스노우돈
34881,29477,7,히렌 로어송
34882,29480,7,고위 성전사 아델라드
34883,17188,10,은빛 공격대 구경꾼 - FX - 호드
34885,29481,7,귀부인 에브니키 카프살리스
34887,17188,10,은빛 공격대 구경꾼 - FX - 얼라이언스
34900,17188,10,은빛 공격대 구경꾼 - FX - 인간
34901,17188,10,은빛 공격대 구경꾼 - FX - 오크
34902,17188,10,은빛 공격대 구경꾼 - FX - 트롤
34903,17188,10,은빛 공격대 구경꾼 - FX - 타우렌
34904,17188,10,은빛 공격대 구경꾼 - FX - 블러드 엘프
34905,17188,10,은빛 공격대 구경꾼 - FX - 언데드
34906,17188,10,은빛 공격대 구경꾼 - FX - 드워프
34907,25772,7,크발디르 작살병
34908,17188,10,은빛 공격대 구경꾼 - FX - 드레나이
34909,17188,10,은빛 공격대 구경꾼 - FX - 나이트 엘프
34910,17188,10,은빛 공격대 구경꾼 - FX - 노움
34912,29483,7,사비나 로어송
34914,29484,7,틸로스 돈러너
34925,29487,1,북해 크라켄
34927,1652,7,고트 고어플라이트
34928,29490,7,은빛 고해사제 페일트리스
34947,25773,7,크발디르 광전사
34953,29744,10,정복의 섬 차원문
34956,29497,7,못 말리는 쿨
34965,25775,7,안개부름이 잉그바르
34966,29580,7,은빛십자군 구경꾼
34970,29570,7,은빛십자군 구경꾼
34974,29574,7,은빛십자군 구경꾼
34975,29576,7,은빛십자군 구경꾼
34977,29578,7,은빛십자군 구경꾼
34979,29582,7,은빛십자군 구경꾼
34984,169,10,월드 트리거
34990,29589,7,국왕 바리안 린
34992,30866,7,여군주 제이나 프라우드무어
34994,29591,7,스랄
34995,32903,7,가로쉬 헬스크림
34996,29588,7,대영주 티리온 폴드링
35004,29894,7,재렌 선스원
35009,7804,10,북해 크라켄
35013,29524,5,화염 감시자 코랄론
35016,17188,10,은빛 공격대 구경꾼 - 일반
35070,29682,7,불꽃매호 갑판원
35079,29688,7,불꽃매호 갑판원 여성 (죽음)
35080,25773,7,크발디르 광전사 (죽음)
35083,29682,7,불꽃매호 갑판원 남성 (죽음)
35084,25772,7,크발디르 작살병 (죽음)
35089,4449,10,흑기사 주문
35090,29679,7,선장 애서스 파이어호크
35092,29824,7,크발디르 심연의 소환사
35094,29604,7,성전사 실버돈
35097,28972,7,제물이 된 지원자
35098,29690,7,물마루호 갑판원
35102,29611,7,선장 엘린 웨이브크레스트
35104,29692,7,물마루호 갑판원 여성 (죽음)
35105,29690,7,물마루호 갑판원 남성 (죽음)
35106,4449,10,흑기사 시전자
35113,16063,7,박사 콜러
35117,29627,1,길들인 은빛십자군 히포그리프
35119,29616,7,성기사 에드릭
35169,29754,6,황토색 전투해골마
35290,29738,7,스틴 혼그라스
35291,29739,7,문벨
35292,29740,1,프로글
35293,29742,1,앤마리
35305,29758,7,은빛십자군 수도사
35307,29760,7,은빛십자군 여사제
35309,29762,7,은빛십자군 빛의 기사
35318,29688,7,진홍빛 서광호 선원
35324,29756,1,북해 상어
35344,29813,10,보그나르 아이언풋
35361,29860,7,대영주 티리온 폴드링
35368,29858,7,스랄
35372,32904,7,가로쉬 헬스크림
35387,29802,12,새끼 도약랩터
35396,29805,12,새끼 화살랩터
35398,29808,12,새끼 고원랩터
35399,29809,12,새끼 흑요석 랩터
35444,29812,6,흑기사
35445,28918,1,은빛십자군 전투마
35451,29837,6,흑기사
35462,29818,7,트래그 하이마운틴
35463,36781,7,붉은송곳니 매복자
35467,29825,7,아키악
35469,29614,7,꿰뚫는 자 고르목
35472,29845,7,사냥꾼 야토
35473,29828,10,은빛십자군 마상시합 말뚝
35474,25452,6,복수심에 불타는 발키르
35475,29881,7,방문한 흑마법사
35476,30571,7,윌프레드 피즐뱅
35477,344,7,어린 아델라인
35482,24892,1,배고픈 요르문가르
35483,29844,7,사냥꾼 하칸
35491,29842,6,흑기사의 해골 그리핀
35496,29836,7,루벤 로렌
35498,29833,7,호러스 헌더랜드
35499,29843,7,사냥꾼 로크니
35501,29915,7,전령 벨루스
35545,25528,6,되살아난 재렌 선스원
35547,29846,6,흑기사
35557,21300,6,흑기사
35573,29850,7,신비술사 아사리나
35574,29851,7,마법학자 이루비아
35575,29853,7,용사 이시모드
35576,29856,7,용사 패스롤
35577,29854,7,용맹전사 라라디아
35578,29857,7,용맹전사 브레시아
35579,29852,7,지원자 포루디르
35580,29855,7,지원자 나라디엘
35590,24996,6,되살아난 용사
35607,28282,9,레지날드 아크파이어
35614,21955,10,모독 추적기
35636,2787,7,라나 스타우트해머의 탈것
35637,29284,7,작전사령관 제이콥 알레리우스의 탈것
35808,29284,1,날쌘 얼라이언스 군마
35809,29283,1,날쌘 호드 늑대
35984,29695,1,선리버 용매
36069,29970,7,은빛십자군 관리인
36101,29988,7,여사제 알로라
36102,29989,7,사제 그리민
36108,29990,7,안타르 포지멘더
36109,29991,7,밸노르 라이트베어러
36114,29995,7,누즐 위즐스틱
36116,29996,4,멜라도르 베일스트라이더
36118,29997,7,쇼쿨
36119,30000,7,준엄한 카이푸스
36120,30005,7,말리서스 브라이트블레이드
36121,30006,7,마즈디나
36122,30007,7,나르호크 스틸브레이커
36124,30008,7,하크조그
36173,9029,6,온순한 쇠똥구리
36213,30063,7,코르크론 감시자
36223,30070,1,날쌘 호드 늑대
36224,30071,7,어둠 순찰자 클리아
36225,30072,7,어둠 순찰자 안야
36226,30073,7,어둠 순찰자 신디아
36476,30347,6,이크
36477,30331,6,크리크
36494,30843,6,제련장인 가프로스트
36497,30226,7,브론잠
36502,30148,6,영혼의 포식자
36558,29283,10,은빛십자군 전투검은늑대
36591,6297,8,개구리
36597,30721,6,리치 왕
36612,31119,6,군주 매로우가르
36624,30260,7,칼라디스 브라이트스피어
36626,31006,6,구린속
36627,31005,6,썩은얼굴
36642,30259,7,미랄리온 선블레이즈
36656,28756,7,은빛 서약단 파수병
36657,28678,7,선리버 전쟁마법사
36658,30277,7,스컬지군주 티라누스
36678,30881,6,교수 퓨트리사이드
36776,30438,7,선리버 요원
36851,30415,4,아쿠아노스
36853,30362,6,신드라고사
36855,30893,6,여교주 데스위스퍼
36856,30358,7,섄디 글로스글림
36871,30462,12,새끼 심장부 사냥개
37543,21955,10,[DND] 지진
37574,21955,10,[DND] 지진 - 소형
37742,30731,7,드루간 딥드래프트
37780,30686,7,어둠 순찰자 보렐
37813,30790,6,죽음의 인도자 사울팽
37852,20570,10,쿠엘델라 해골 대상
37865,31174,12,명랑한 막공이
37955,31165,6,피의 여왕 라나텔
37961,30847,1,타락한 붉은발톱랩터
37970,30858,6,공작 발라나르
38112,30972,6,팔릭
38113,30973,6,마윈
38374,31073,12,맹독 말랑이
38433,31089,5,얼음 감시자 토라본
38695,31154,2,얼음의 서리고룡족 제압자
38751,4449,10,흑기사 방패
38778,31156,2,피의 서리고룡족 제압자
39378,33177,7,라지
39452,1035,1,칼날이빨 철갑악어
39625,31498,2,장군 움브리스
39665,33147,7,해골분쇄자 롬오그
39679,31546,7,황혼의 전령 코를라
39698,31710,2,카쉬 스틸벤더
39705,36465,4,승천 군주 옵시디우스
39863,31952,2,할리온
39947,31629,7,그림토템 강탈자
40054,34956,1,심연의 해마
40160,31713,7,유명인 프로조
40295,22778,12,푸른색 로켓 태엽돌이
40443,31850,7,대지 고리회 정찰병
40484,33428,10,에루닥스
40586,34342,7,여군주 나즈자르
40728,33618,1,고래상어
41376,32716,2,네파리안
41378,33186,2,말로리악
41442,34547,2,아트라메데스
41570,32679,10,용암아귀
42078,32670,12,꼬마 토르
42183,32707,12,황금색 꼬마 창기사
42188,36475,5,오즈룩
42333,26448,7,대여사제 아질
42339,28507,1,대운하 게
42428,37235,7,독실한 추종자
42713,822,1,어린 곰
42714,4734,1,어린 박쥐
43010,33190,7,델리오스 실버블레이드
43296,33308,1,키마이론
43324,34576,7,초갈
43359,1126,10,ELM General Purpose Bunny Infinite Hide Body
43637,33439,7,마로크
43645,33442,7,오내그
43692,33468,7,크리스틴 카자레즈
43726,796,7,붉은해적단 바다사냥꾼
43735,34825,4,엘레멘티움 괴물
43761,16197,7,모벤트 펠
43778,35606,9,전투 절단기 5000
43800,33512,12,개인용 세계 파괴자
43819,33518,7,커스틴 웨스트밀
43820,33519,7,스콧 웨스트밀
43822,33520,7,토마스 웨스트밀
43875,35388,4,아사드
43916,33559,12,무기라도 됐으면 좋을 기계 친구
44199,38203,10,서리 고리
44214,33853,10,불타는 구슬
44577,34743,7,장군 후삼
44582,33974,7,테레사 덴먼
44583,33977,7,테란스 덴먼
44600,34816,7,할푸스 웜브레이커
44773,11873,7,아나스타샤
44774,34070,7,제네비브
44819,35231,4,시아마트
44857,34190,7,부상당한 정찰병
44937,3019,9,훈련용 허수아비
45122,35830,7,굳은서약 대장
45174,34294,7,높은 둑 해병
45213,34335,2,시네스트라
45247,33254,12,돌돌이
45338,34410,1,화석 랩터
45340,34413,12,새끼 화석 랩터
45412,34837,6,군주 아우리우스 리븐데어
45755,26381,4,알아키르의 후예
46153,22003,1,고원 검은늑대
46254,501,7,들창코
46321,35033,7,썬더마 그리핀 기수
46376,35059,7,군스왈트 그레이비어드
46377,35060,7,클리프 썬더마
46378,35061,7,딜란 맥헐리
46493,35108,7,장군 할타르
46602,37372,7,섀이 프레슬러
46753,35248,4,알아키르
46754,35249,9,고블린 세발차
46755,35250,9,고블린 터보 세발차
46756,35251,7,박멸자 카크로그
46885,35332,7,고위주술사 맥킬리건
46896,35338,12,꼬마 데스윙
46898,36902,12,마력 깃든 초롱
46962,34610,7,남작 애쉬버리
46964,34611,7,고드프리 경
47120,35426,3,아르갈로스
47162,37410,7,글럽톡
47352,35551,2,화산 바위 비룡
47382,35570,7,아담 호새크
47579,35704,7,학자 다리네스
47581,35705,7,대마법사 아라니르 스타싱어
47647,35754,2,서풍 비룡
47649,35760,11,야생 버섯
47652,35136,1,길들인 갈색 낙타
47653,35134,1,길들인 황갈색 낙타
47739,1305,7,"선장" 쿠키
48107,36499,12,녹슨산림 갈매기
48609,36211,12,노움 태엽돌이
48632,36213,1,황금 사자왕
48982,36637,12,작은 혈암거미
49488,37159,1,유령 늑대
49540,1141,8,스톰윈드 쥐
49541,32806,7,바네사 밴클리프
49588,37199,12,길드 급사
49590,37196,12,길드 전령
49748,36597,7,영웅의 전령
49750,36615,7,대족장의 전령
49842,36944,8,숲나방
49871,22475,1,검은바위 전투늑대
49873,34652,2,황혼의 암흑비룡
49874,36653,7,검은바위 첩보원
49877,36758,7,대장 랜시 레브숀
49965,1141,8,언더시티 쥐
50039,36690,7,고블린 암살자
50044,37567,1,지옥부엉이
50142,36899,7,소환사 칼웬
50144,36900,7,순찰자 에오스
50147,36903,7,길추적자 리슬라
50148,36905,7,여사제 오셀라
50149,36898,7,빈선
50150,36904,7,넬루르 라이트소운
50152,36907,7,하나 문스크레스트
50153,36906,7,단련된 무르가
50251,37415,4,프로스틸리쿠스
50258,9490,5,어린 서리망치거인
50269,35750,2,사암 비룡
50304,37023,7,대장 도널드 아담스
50325,9757,7,영매 엄브런스
50545,36901,12,마법 등불
50669,36839,7,돈 라듀
50722,37518,12,엘레멘티움 정동석
51090,37154,12,노래하는 해바라기
51348,37310,7,스톰윈드 그리핀 기수
51384,1566,1,포세이큰 박쥐
51440,338,7,아담 프레슬러
51496,35161,7,킴 혼
51613,30576,7,왕관 기술자
52148,37789,7,신파괴자 진도
52151,37816,7,혈군주 만도키르
52226,37814,12,새끼 표범
52344,37846,12,새끼 밤호랑이
52358,37850,7,크래글 워블톱
52359,33303,10,장난감 수레
52361,20570,10,장난감 수레
52363,37876,0,
52409,37875,0,라그나로스
52414,37877,1,토르툰
52438,37904,3,모르탁스
52440,22353,7,구브
52498,38227,1,베스틸락
52530,38446,4,알리스라조르
52587,37958,7,넬러 페인
52588,37959,7,사라 래너
52697,26,12,욕심쟁이 코볼트
52894,38065,12,아기 채찍꼬리랩터
53055,38140,7,고대 그을음비늘
53264,38255,4,시어리스
53265,38258,4,켈브나르
53267,38012,4,안드라조르
53271,38674,4,파 자라크
53488,169,10,소환 추적기
53494,38621,4,발레록
53517,38376,10,꿈틀거리는 수액 곰팡이
53528,38381,7,주방장 오드리
53691,38448,0,샤녹스
53759,38477,7,잿그물 여왕
53771,38675,7,이글거리는 고대 거수
53772,38594,4,군주 라이올리스
53834,38504,7,헌신적인 전령
53864,38591,7,고대 불의 군주
54244,34459,7,언더시티 시민
